date,mid,attempted_charges,declined_charges,successful_charges,unique_cycle_attempts,declined_unique_cycle_attempts,successful_unique_cycle_attempts,cycle_1_attempts,cycle_1_success,cycle_1_revenue,cycle_1_decline,renewal_attempts,renewal_success,renewal_decline,renewal_success_rate,successful_offers,item_quantity,successful_customers,gross_product_revenue,net_product_revenue,total_revenue,processed,adjustments,adjustment_rate,refunds,refund_rate,refunded_revenue,refunded_revenue_rate,voids,void_rate,voided_revenue,void_revenue_rate,chargebacks,chargeback_rate,chargeback_revenue,chargeback_revenue_rate,alerts,alert_rate,alert_revenue,alert_revenue_rate,net_revenue,cost_of_revenue,chargeback_fees,chargeback_fees_rate,processing_fees,processing_fees_rate,profit,profit_margin,UniquePlusLLC,BrightAdvantageLLC,DiamondSphereLLC,DiamondsphereLLC,BrightAdvantagellc,ClearPoulseLLC,SpecifiConLLC,PrimeSmartSolutionsLLC,charge_dp1_v3,charge_dp1_v1,cardtype_visa,cardtype_mastercard,dayofweek_monday,dayofweek_sunday,dayofweek_friday,dayofweek_wednesday,dayofweek_saturday,dayofweek_thursday,dayofweek_tuesday,bankissuer_the_bancorp_bank_national_association,bankissuer_wells_fargo_bank_national_association,bankissuer_stride_bank_national_association,bankissuer_credit_one_bank_national_association,bankissuer_other,bankissuer_jpmorgan_chase_bank_na,bankissuer_capital_one_national_association,bankissuer_bank_of_america_national_association,bankissuer_jpmorgan_chase_bank_na_-_debit,bankissuer_citibank_na,shipstate_oh,shipstate_ny,shipstate_az,shipstate_other,shipstate_wi,shipstate_pa,shipstate_il,shipstate_mi,shipstate_ga,shipstate_nc,shipstate_tn,shipstate_fl,shipstate_ca,shipstate_tx,shipstate_in,shipstate_mo,success_charge_ratess
10/05/2025,17,1,1,0,1,1,0,1,0,0,1,0,0,0,0,0,0,0,0,0,0,0,0,0,0,0,0,0,0,0,0,0,0,0,0,0,0,0,0,0,0,0.2,0,0,0.2,0,-0.2,0,0,1,0,0,0,0,0,0,1,0,1,0,0,0,0,0,0,0,1,0,0,0,1,0,0,0,0,0,0,0,0,0,0,0,0,0,0,0,0,0,0,1,0,0,0,0
11/05/2025,17,4,2,2,4,2,2,4,2,25.78,2,0,0,0,0,2,2,2,25.78,25.78,25.78,25.78,0,0,0,0,0,0,0,0,0,0,0,0,0,0,0,0,0,0,25.78,2.08,0,0,2.08,0.0326,23.7,1.8696,0,1,0,0,0,0,0,0,1,0,0,0,0,0,0,0,0,1,0,0,0,0,0,1,0,0,0,0,0,0,0,0,0,0,0,0,0,0,0,0,0,0,0,0,0,0.5
12/05/2025,17,31,20,11,31,20,11,31,11,141.79,20,0,0,0,0,11,11,11,141.79,141.79,141.79,141.79,12.89,0.032258065,1,0.032258065,12.89,0.032258065,0,0,0,0,0,0,0,0,0,0,0,0,128.9,13.24,0,0,13.24,0.023135484,115.66,9.2828,0,1,0,0,0,0,0,0,1,0,1,0,0,0,0,1,0,0,0,0,0,0,0,1,0,0,0,0,0,0,0,0,0,0,0,0,0,0,0,0,0,0,0,0,0,0.35483871
13/05/2025,17,14,7,7,14,7,7,14,7,90.23,7,0,0,0,0,7,7,7,90.23,90.23,90.23,90.23,12.89,0.071428571,0,0,0,0,0,0,0,0,0,0,0,0,1,0.071428571,12.89,0.071428571,77.34,7.28,0,0,7.28,0.0326,70.06,5.5436,0,1,0,0,0,0,0,0,1,0,0,1,0,0,0,0,0,1,0,0,0,0,0,1,0,0,0,0,0,0,0,0,0,0,0,0,0,0,0,0,0,0,0,0,0,0.5
14/05/2025,17,7,4,3,7,4,3,7,3,38.67,4,0,0,0,0,3,3,3,38.67,38.67,38.67,38.67,12.89,0.142857143,1,0.142857143,12.89,0.142857143,0,0,0,0,0,0,0,0,0,0,0,0,25.78,3.32,0,0,3.32,0.027942857,22.46,1.8044,0,1,0,0,0,0,0,0,1,0,0,1,0,0,1,0,0,0,0,0,0,0,0,0,0,0,0,0,0,0,0,0,1,0,0,0,0,0,0,0,0,0,0,0,0,0.428571429
15/05/2025,17,13,8,5,13,8,5,13,5,64.45,8,0,0,0,0,5,5,5,64.45,64.45,64.45,64.45,0,0,0,0,0,0,0,0,0,0,0,0,0,0,0,0,0,0,64.45,5.8,0,0,5.8,0.025076923,58.65,4.674,0,1,0,0,0,0,0,0,1,0,0,1,0,0,0,0,1,0,0,0,0,0,0,1,0,0,0,0,0,0,0,0,0,0,0,0,0,0,0,0,0,0,0,0,0,0.384615385
16/05/2025,17,16,11,5,16,11,5,16,5,64.45,11,0,0,0,0,5,5,5,64.45,64.45,64.45,64.45,12.89,0.0625,0,0,0,0,0,0,0,0,0,0,0,0,1,0.0625,12.89,0.0625,51.56,6.4,0,0,6.4,0.020375,45.16,3.674,0,1,0,0,0,0,0,0,1,0,0,1,0,1,0,0,0,0,0,0,0,0,0,1,0,0,0,0,0,0,0,0,0,0,0,0,0,0,0,0,0,0,0,0,0,0.3125
17/05/2025,17,24,14,10,24,14,10,24,10,128.9,14,0,0,0,0,10,10,10,128.9,128.9,128.9,128.9,38.67,0.125,0,0,0,0,0,0,0,0,1,0.041666667,12.89,0.041666667,2,0.083333333,25.78,0.083333333,90.23,46.2,35,0.1131375,11.2,0.027166667,44.03,3.6328,0,1,0,0,0,0,0,0,1,0,1,0,1,0,0,0,0,0,0,0,0,0,0,1,0,0,0,0,0,0,0,0,0,0,0,0,0,0,0,0,0,0,0,0,0,0.416666667
18/05/2025,17,2,0,2,2,0,2,2,2,25.78,0,0,0,0,0,2,2,2,25.78,25.78,25.78,25.78,0,0,0,0,0,0,0,0,0,0,0,0,0,0,0,0,0,0,25.78,1.68,0,0,1.68,0.0652,24.1,1.8696,0,1,0,0,0,0,0,0,1,0,1,0,0,0,0,0,0,0,1,0,0,0,0,0,0,0,0,0,0,0,0,0,0,0,0,0,0,0,0,0,0,0,0,0,0,1
19/05/2025,17,11,6,5,11,6,5,11,5,64.45,6,0,0,0,0,5,5,5,64.45,64.45,64.45,64.45,12.89,0.090909091,0,0,0,0,0,0,0,0,0,0,0,0,1,0.090909091,12.89,0.090909091,51.56,5.4,0,0,5.4,0.029636364,46.16,3.674,0,1,0,0,0,0,0,0,1,0,1,0,0,0,0,1,0,0,0,0,0,0,0,1,0,0,0,0,0,0,0,0,0,0,0,0,0,0,0,0,0,0,0,0,0,0.454545455
20/05/2025,17,10,7,3,10,7,3,10,3,38.67,7,0,0,0,0,3,3,3,38.67,38.67,38.67,38.67,0,0,0,0,0,0,0,0,0,0,0,0,0,0,0,0,0,0,38.67,3.92,0,0,3.92,0.01956,34.75,2.8044,0,1,0,0,0,0,0,0,1,0,0,0,0,0,0,0,0,1,0,0,0,0,0,1,0,0,0,0,0,0,0,0,0,0,0,0,0,0,0,0,0,0,0,0,0,0.3
21/05/2025,17,14,8,6,14,8,6,14,6,77.34,8,0,0,0,0,6,6,6,77.34,77.34,77.34,77.34,0,0,0,0,0,0,0,0,0,0,0,0,0,0,0,0,0,0,77.34,6.64,0,0,6.64,0.027942857,70.7,5.6088,0,1,0,0,0,0,0,0,1,0,1,0,0,0,1,0,0,0,0,0,0,0,0,1,0,0,0,0,0,0,0,0,0,0,0,0,0,0,0,0,0,0,0,0,0,0.428571429
22/05/2025,17,14,8,6,14,8,6,14,6,77.34,8,0,0,0,0,6,6,6,77.34,77.34,77.34,77.34,0,0,0,0,0,0,0,0,0,0,0,0,0,0,0,0,0,0,77.34,6.64,0,0,6.64,0.027942857,70.7,5.6088,0,1,0,0,0,0,0,0,1,0,1,0,0,0,1,0,0,0,0,0,0,0,0,0,0,0,0,0,0,0,0,0,0,0,0,0,0,0,0,0,0,0,0,0,0,0.428571429
23/05/2025,17,11,6,5,11,6,5,11,5,64.45,6,0,0,0,0,5,5,5,64.45,64.45,64.45,64.45,0,0,0,0,0,0,0,0,0,0,0,0,0,0,0,0,0,0,64.45,5.4,0,0,5.4,0.029636364,59.05,4.674,0,1,0,0,0,0,0,0,1,0,1,0,0,0,0,0,1,0,0,0,0,0,0,1,0,0,0,0,0,0,0,0,0,0,0,0,0,0,0,0,0,0,0,0,0,0.454545455
24/05/2025,17,11,7,4,11,7,4,11,4,51.56,7,0,0,0,0,4,4,4,51.56,51.56,51.56,51.56,12.89,0.090909091,0,0,0,0,0,0,0,0,0,0,0,0,1,0.090909091,12.89,0.090909091,38.67,4.76,0,0,4.76,0.023709091,33.91,2.7392,0,1,0,0,0,0,0,0,1,0,1,0,0,1,0,0,0,0,0,0,0,0,0,1,0,0,0,0,0,0,0,0,1,0,0,0,0,0,0,0,0,0,0,0,0,0.363636364
25/05/2025,17,10,6,4,10,6,4,10,4,51.56,6,0,0,0,0,4,4,4,51.56,51.56,51.56,51.56,0,0,0,0,0,0,0,0,0,0,0,0,0,0,0,0,0,0,51.56,4.56,0,0,4.56,0.02608,47,3.7392,0,1,0,0,0,0,0,0,1,0,1,0,1,0,0,0,0,0,0,0,0,0,0,1,0,0,0,0,0,0,0,0,0,0,0,0,0,0,0,0,0,0,0,0,0,0.4
26/05/2025,17,17,11,6,17,11,6,17,6,77.34,11,0,0,0,0,6,6,6,77.34,77.34,77.34,77.34,12.89,0.058823529,0,0,0,0,0,0,0,0,0,0,0,0,1,0.058823529,12.89,0.058823529,64.45,7.24,0,0,7.24,0.023011765,57.21,4.6088,0,1,0,0,0,0,0,0,1,0,1,0,0,0,0,0,0,0,1,0,0,0,0,1,0,0,0,0,0,0,0,0,1,0,0,0,0,0,0,0,0,0,0,0,0,0.352941176
27/05/2025,17,18,10,8,18,10,8,18,8,103.12,10,0,0,0,0,8,8,8,103.12,103.12,103.12,103.12,0,0,0,0,0,0,0,0,0,0,0,0,0,0,0,0,0,0,103.12,8.72,0,0,8.72,0.028977778,94.4,7.4784,0,1,0,0,0,0,0,0,1,0,1,0,0,0,0,1,0,0,0,0,0,0,0,1,0,0,0,0,0,0,0,0,0,0,0,0,0,0,0,0,0,0,0,0,0,0.444444444
28/05/2025,17,9,5,4,9,5,4,9,4,51.56,5,0,0,0,0,4,4,4,51.56,51.56,51.56,51.56,0,0,0,0,0,0,0,0,0,0,0,0,0,0,0,0,0,0,51.56,4.36,0,0,4.36,0.028977778,47.2,3.7392,0,1,0,0,0,0,0,0,1,0,0,1,0,0,0,0,0,1,0,0,0,0,0,1,0,0,0,0,0,0,0,0,0,0,0,0,0,0,0,0,0,0,0,0,0,0.444444444
29/05/2025,17,8,3,5,8,3,5,8,5,64.45,3,0,0,0,0,5,5,5,64.45,64.45,64.45,64.45,12.89,0.125,1,0.125,12.89,0.125,0,0,0,0,0,0,0,0,0,0,0,0,51.56,4.8,0,0,4.8,0.04075,46.76,3.674,0,1,0,0,0,0,0,0,1,0,1,0,0,0,1,0,0,0,0,0,0,0,0,0,0,0,0,0,0,0,0,0,0,0,0,0,0,0,0,0,0,0,0,0,0,0.625
30/05/2025,17,7,6,1,7,6,1,7,1,12.89,6,0,0,0,0,1,1,1,12.89,12.89,12.89,12.89,0,0,0,0,0,0,0,0,0,0,0,0,0,0,0,0,0,0,12.89,2.04,0,0,2.04,0.009314286,10.85,0.9348,0,1,0,0,0,0,0,0,1,0,1,0,0,0,0,0,1,0,0,0,0,0,0,1,0,0,0,0,0,0,0,0,0,0,0,0,0,0,0,0,0,0,0,0,0,0.142857143
31/05/2025,17,9,6,3,9,6,3,9,3,38.67,6,0,0,0,0,3,3,3,38.67,38.67,38.67,38.67,0,0,0,0,0,0,0,0,0,0,0,0,0,0,0,0,0,0,38.67,3.72,0,0,3.72,0.021733333,34.95,2.8044,0,1,0,0,0,0,0,0,1,0,1,0,0,1,0,0,0,0,0,0,0,0,0,0,0,0,0,0,0,0,0,0,0,0,0,0,0,0,0,0,0,0,0,0,0,0.333333333
01/06/2025,17,17,11,6,17,11,6,17,6,77.34,11,0,0,0,0,6,6,6,77.34,77.34,77.34,77.34,0,0,0,0,0,0,0,0,0,0,0,0,0,0,0,0,0,0,77.34,7.24,0,0,7.24,0.023011765,70.1,5.6088,0,1,0,0,0,0,0,0,1,0,1,0,1,0,0,0,0,0,0,0,0,0,0,1,0,0,0,0,0,0,0,0,0,0,0,0,0,0,0,0,0,0,0,0,0,0.352941176
02/06/2025,17,11,3,8,11,3,8,11,8,103.12,3,0,0,0,0,8,8,8,103.12,103.12,103.12,103.12,25.78,0.181818182,0,0,0,0,0,0,0,0,0,0,0,0,2,0.181818182,25.78,0.181818182,77.34,7.32,0,0,7.32,0.047418182,70.02,5.4784,0,1,0,0,0,0,0,0,1,0,1,0,0,0,0,0,1,0,0,0,0,0,0,1,0,0,0,0,0,0,0,0,0,0,0,0,0,0,0,0,0,0,0,0,0,0.727272727
03/06/2025,17,9,5,4,9,5,4,9,4,51.56,5,0,0,0,0,4,4,4,51.56,51.56,51.56,51.56,0,0,0,0,0,0,0,0,0,0,0,0,0,0,0,0,0,0,51.56,4.36,0,0,4.36,0.028977778,47.2,3.7392,0,1,0,0,0,0,0,0,1,0,1,0,0,0,0,0,0,0,1,0,0,0,0,1,0,0,0,0,0,0,0,0,1,0,0,0,0,0,0,0,0,0,0,0,0,0.444444444
04/06/2025,17,15,10,5,15,10,5,15,5,64.45,10,0,0,0,0,5,5,5,64.45,64.45,64.45,64.45,0,0,0,0,0,0,0,0,0,0,0,0,0,0,0,0,0,0,64.45,6.2,0,0,6.2,0.021733333,58.25,4.674,0,1,0,0,0,0,0,0,1,0,1,0,0,0,0,1,0,0,0,0,0,0,0,1,0,0,0,0,0,0,0,0,0,0,0,0,0,0,0,0,0,0,0,0,0,0.333333333
05/06/2025,17,20,12,8,20,12,8,20,8,103.12,12,0,0,0,0,8,8,8,103.12,103.12,103.12,103.12,0,0,0,0,0,0,0,0,0,0,0,0,0,0,0,0,0,0,103.12,9.12,0,0,9.12,0.028268421,94,7.4629,0,1,0,0,0,0,0,0,1,0,1,0,0,0,0,0,0,1,0,0,0,0,0,0,0,0,0,0,0,0,0,0,0,0,0,0,0,0,0,0,0,0,0,0,0,0.394736842
06/06/2025,17,8,6,2,8,6,2,8,2,25.78,6,0,0,0,0,2,2,2,25.78,25.78,25.78,25.78,0,0,0,0,0,0,0,0,0,0,0,0,0,0,0,0,0,0,25.78,2.88,0,0,2.88,0.0163,22.9,1.8696,0,1,0,0,0,0,0,0,1,0,1,0,0,0,1,0,0,0,0,0,0,0,0,0,0,0,0,0,0,0,0,0,0,0,0,0,0,0,0,0,0,0,0,0,0,0.25
07/06/2025,17,32,19,13,32,19,13,32,13,167.57,19,0,0,0,0,13,13,13,167.57,167.57,167.57,167.57,0,0,0,0,0,0,0,0,0,0,0,0,0,0,0,0,0,0,167.57,14.72,0,0,14.72,0.0264875,152.85,12.1524,0,1,0,0,0,0,0,0,1,0,1,0,0,1,0,0,0,0,0,0,0,0,0,1,0,0,0,0,0,0,0,0,0,0,0,0,0,0,0,0,0,0,0,0,0,0.40625
08/06/2025,17,18,8,10,18,8,10,18,10,128.9,8,0,0,0,0,10,10,10,128.9,128.9,128.9,128.9,12.89,0.055555556,0,0,0,0,0,0,0,0,0,0,0,0,1,0.055555556,12.89,0.055555556,116.01,10,0,0,10,0.036222222,106.01,8.348,0,1,0,0,0,0,0,0,1,0,1,0,1,0,0,0,0,0,0,0,0,0,0,0,0,0,0,0,0,0,0,0,0,0,0,0,0,0,0,0,0,0,0,0,0,0.555555556
09/06/2025,17,11,5,6,11,5,6,11,6,77.34,5,0,0,0,0,6,6,6,77.34,77.34,77.34,77.34,0,0,0,0,0,0,0,0,0,0,0,0,0,0,0,0,0,0,77.34,6.04,0,0,6.04,0.035563636,71.3,5.6088,0,1,0,0,0,0,0,0,1,0,0,1,0,0,0,0,0,0,1,0,0,0,0,1,0,0,0,0,0,0,0,0,1,0,0,0,0,0,0,0,0,0,0,0,0,0.545454545
10/06/2025,17,5,2,3,5,2,3,5,3,38.67,2,0,0,0,0,3,3,3,38.67,38.67,38.67,38.67,0,0,0,0,0,0,0,0,0,0,0,0,0,0,0,0,0,0,38.67,2.92,0,0,2.92,0.03912,35.75,2.8044,0,1,0,0,0,0,0,0,1,0,1,0,0,0,0,1,0,0,0,0,0,0,0,1,0,0,0,0,0,0,0,0,1,0,0,0,0,0,0,0,0,0,0,0,0,0.6
11/06/2025,17,5,2,3,5,2,3,5,3,38.67,2,0,0,0,0,3,3,3,38.67,38.67,38.67,38.67,12.89,0.2,0,0,0,0,0,0,0,0,0,0,0,0,1,0.2,12.89,0.2,25.78,2.92,0,0,2.92,0.03912,22.86,1.8044,0,1,0,0,0,0,0,0,1,0,1,0,0,0,0,0,0,1,0,0,0,0,0,1,0,0,0,0,0,0,0,0,0,0,0,0,0,0,0,0,0,0,0,0,0,0.6
12/06/2025,17,7,1,6,7,1,6,7,6,77.34,1,0,0,0,0,6,6,6,77.34,77.34,77.34,77.34,25.78,0.285714286,0,0,0,0,0,0,0,0,0,0,0,0,2,0.285714286,25.78,0.285714286,51.56,5.24,0,0,5.24,0.055885714,46.32,3.6088,0,1,0,0,0,0,0,0,1,0,1,0,0,0,1,0,0,0,0,0,0,0,0,1,0,0,0,0,0,0,0,0,1,0,0,0,0,0,0,0,0,0,0,0,0,0.857142857
13/06/2025,17,9,3,6,9,3,6,9,6,77.34,3,0,0,0,0,6,6,6,77.34,77.34,77.34,77.34,12.89,0.111111111,0,0,0,0,0,0,0,0,0,0,0,0,1,0.111111111,12.89,0.111111111,64.45,5.64,0,0,5.64,0.043466667,58.81,4.6088,0,1,0,0,0,0,0,0,1,0,1,0,0,0,0,0,1,0,0,0,0,0,0,1,0,0,0,0,0,0,0,0,0,0,0,0,0,0,0,0,0,0,0,0,0,0.666666667
14/06/2025,17,2,2,0,2,2,0,2,0,0,2,0,0,0,0,0,0,0,0,0,0,0,0,0,0,0,0,0,0,0,0,0,0,0,0,0,0,0,0,0,0,0.4,0,0,0.4,0,-0.4,0,0,1,0,0,0,0,0,0,1,0,1,0,0,0,0,1,0,0,0,0,0,0,0,0,0,0,0,0,0,0,0,0,0,0,0,0,0,0,0,0,0,0,0,0,0,0
15/06/2025,17,14,7,7,14,7,7,14,7,90.23,7,0,0,0,0,7,7,7,90.23,90.23,90.23,90.23,25.78,0.153846154,0,0,0,0,0,0,0,0,0,0,0,0,2,0.153846154,25.78,0.153846154,64.45,7.28,0,0,7.28,0.0363,57.17,4.5281,0,1,0,0,0,0,0,0,1,0,1,0,0,1,0,0,0,0,0,0,0,0,0,1,0,0,0,0,0,0,0,0,0,0,0,0,0,0,0,0,0,0,0,0,0,0.5
16/06/2025,17,9,4,5,9,4,5,9,5,64.45,4,0,0,0,0,5,5,5,64.45,64.45,64.45,64.45,25.78,0.222222222,0,0,0,0,0,0,0,0,0,0,0,0,2,0.222222222,25.78,0.222222222,38.67,5,0,0,5,0.036222222,33.67,2.674,0,1,0,0,0,0,0,0,1,0,1,0,1,0,0,0,0,0,0,0,0,0,0,0,0,0,0,0,0,0,0,0,0,0,0,0,0,0,0,0,0,0,0,0,0,0.555555556
17/06/2025,17,3,2,1,3,2,1,3,1,12.89,2,0,0,0,0,1,1,1,12.89,12.89,12.89,12.89,0,0,0,0,0,0,0,0,0,0,0,0,0,0,0,0,0,0,12.89,1.24,0,0,1.24,0.021733333,11.65,0.9348,0,1,0,0,0,0,0,0,1,0,1,0,0,0,0,0,0,0,1,0,0,0,0,0,0,0,0,0,0,0,0,0,1,0,0,0,0,0,0,0,0,0,0,0,0,0.333333333
18/06/2025,17,6,3,3,6,3,3,6,3,38.67,3,0,0,0,0,3,3,3,38.67,38.67,38.67,38.67,0,0,0,0,0,0,0,0,0,0,0,0,0,0,0,0,0,0,38.67,3.12,0,0,3.12,0.0326,35.55,2.8044,0,1,0,0,0,0,0,0,1,0,1,0,0,0,0,1,0,0,0,0,0,0,0,1,0,0,0,0,0,0,0,0,0,0,0,0,0,0,0,0,0,0,0,0,0,0.5
19/06/2025,17,14,9,5,14,9,5,14,5,64.45,9,0,0,0,0,5,5,5,64.45,64.45,64.45,64.45,0,0,0,0,0,0,0,0,0,0,0,0,0,0,0,0,0,0,64.45,6,0,0,6,0.023285714,58.45,4.674,0,1,0,0,0,0,0,0,1,0,1,0,0,0,0,0,0,1,0,0,0,0,0,1,0,0,0,0,0,0,0,0,0,0,0,0,0,0,0,0,0,0,0,0,0,0.357142857
20/06/2025,17,8,5,3,8,5,3,8,3,38.67,5,0,0,0,0,3,3,3,38.67,38.67,38.67,38.67,12.89,0.125,0,0,0,0,0,0,0,0,0,0,0,0,1,0.125,12.89,0.125,25.78,3.52,0,0,3.52,0.02445,22.26,1.8044,0,1,0,0,0,0,0,0,1,0,1,0,0,0,1,0,0,0,0,0,0,0,0,1,0,0,0,0,0,0,0,0,0,0,0,0,0,0,0,0,0,0,0,0,0,0.375
21/06/2025,17,9,6,3,9,6,3,9,3,38.67,6,0,0,0,0,3,3,3,38.67,38.67,38.67,38.67,0,0,0,0,0,0,0,0,0,0,0,0,0,0,0,0,0,0,38.67,3.72,0,0,3.72,0.021733333,34.95,2.8044,0,1,0,0,0,0,0,0,1,0,1,0,0,0,0,0,1,0,0,0,0,0,0,0,0,0,0,0,0,0,0,0,0,0,0,0,0,0,0,0,0,0,0,0,0,0.333333333
22/06/2025,17,5,1,4,5,1,4,5,4,51.56,1,0,0,0,0,4,4,4,51.56,51.56,51.56,51.56,0,0,0,0,0,0,0,0,0,0,0,0,0,0,0,0,0,0,51.56,3.56,0,0,3.56,0.05216,48,3.7392,0,1,0,0,0,0,0,0,1,0,1,0,0,1,0,0,0,0,0,0,0,0,0,1,0,0,0,0,0,0,0,0,0,0,0,0,0,0,0,0,0,0,0,0,0,0.8
23/06/2025,17,9,1,8,9,1,8,9,8,103.12,1,0,0,0,0,8,8,8,103.12,103.12,103.12,103.12,38.67,0.333333333,0,0,0,0,0,0,0,0,1,0.111111111,12.89,0.111111111,2,0.222222222,25.78,0.222222222,64.45,41.92,35,0.3017,6.92,0.057955556,22.53,1.7632,0,1,0,0,0,0,0,0,1,0,1,0,1,0,0,0,0,0,0,0,0,0,0,1,0,0,0,0,0,0,0,0,0,0,0,0,0,0,0,0,0,0,0,0,0,0.888888889
24/06/2025,17,13,6,7,13,6,7,13,7,90.23,6,0,0,0,0,7,7,7,90.23,90.23,90.23,90.23,38.67,0.230769231,0,0,0,0,0,0,0,0,0,0,0,0,3,0.230769231,38.67,0.230769231,51.56,7.08,0,0,7.08,0.035107692,44.48,3.5436,0,1,0,0,0,0,0,0,1,0,1,0,0,0,0,0,0,0,1,0,0,0,0,1,0,0,0,0,0,0,0,0,0,0,0,0,0,0,0,0,0,0,0,0,0,0.538461538
25/06/2025,17,1,1,0,1,1,0,1,0,0,1,0,0,0,0,0,0,0,0,0,0,0,0,0,0,0,0,0,0,0,0,0,0,0,0,0,0,0,0,0,0,0.2,0,0,0.2,0,-0.2,0,0,1,0,0,0,0,0,0,1,0,1,0,0,0,0,0,0,1,0,0,0,0,0,1,0,0,0,0,0,0,0,0,1,0,0,0,0,0,0,0,0,0,0,0,0,0
26/06/2025,17,17,9,8,17,9,8,17,8,103.12,9,0,0,0,0,8,8,8,103.12,103.12,103.12,103.12,12.89,0.058823529,0,0,0,0,0,0,0,0,0,0,0,0,1,0.058823529,12.89,0.058823529,90.23,8.52,0,0,8.52,0.030682353,81.71,6.4784,0,1,0,0,0,0,0,0,1,0,1,0,0,0,0,1,0,0,0,0,0,0,0,1,0,0,0,0,0,0,0,0,0,0,0,0,0,0,0,0,0,0,0,0,0,0.470588235
27/06/2025,17,11,9,2,11,9,2,11,2,25.78,9,0,0,0,0,2,2,2,25.78,25.78,25.78,25.78,0,0,0,0,0,0,0,0,0,0,0,0,0,0,0,0,0,0,25.78,3.48,0,0,3.48,0.011854545,22.3,1.8696,0,1,0,0,0,0,0,0,1,0,1,0,0,0,0,0,0,1,0,0,0,0,0,1,0,0,0,0,0,0,0,0,0,0,0,0,0,0,0,0,0,0,0,0,0,0.181818182
02/07/2025,17,13,7,6,13,7,6,13,6,77.34,7,0,0,0,0,6,6,6,77.34,77.34,77.34,77.34,12.89,0.076923077,0,0,0,0,0,0,0,0,1,0.076923077,12.89,0.076923077,0,0,0,0,64.45,41.44,35,0.208869231,6.44,0.030092308,23.01,1.8936,0,1,0,0,0,0,0,0,1,0,1,0,0,0,0,0,0,0,1,0,0,0,0,1,0,0,0,0,0,0,0,0,0,0,0,0,0,0,0,0,0,0,0,0,0,0.461538462
03/07/2025,17,2,1,1,2,1,1,2,1,12.89,1,0,0,0,0,1,1,1,12.89,12.89,12.89,12.89,0,0,0,0,0,0,0,0,0,0,0,0,0,0,0,0,0,0,12.89,1.04,0,0,1.04,0.0326,11.85,0.9348,0,1,0,0,0,0,0,0,1,0,0,0,0,0,0,1,0,0,0,0,0,0,0,0,0,0,0,0,0,0,0,0,1,0,0,0,0,0,0,0,0,0,0,0,0,0.5
04/07/2025,17,5,1,4,5,1,4,5,4,51.56,1,0,0,0,0,4,4,4,51.56,51.56,51.56,51.56,0,0,0,0,0,0,0,0,0,0,0,0,0,0,0,0,0,0,51.56,3.56,0,0,3.56,0.05216,48,3.7392,0,1,0,0,0,0,0,0,1,0,1,0,0,0,0,0,0,1,0,0,0,0,0,1,0,0,0,0,0,0,0,0,1,0,0,0,0,0,0,0,0,0,0,0,0,0.8
05/07/2025,17,16,7,9,16,7,9,16,9,116.01,7,0,0,0,0,9,9,9,116.01,116.01,116.01,116.01,12.89,0.0625,0,0,0,0,0,0,0,0,0,0,0,0,1,0.0625,12.89,0.0625,103.12,8.96,0,0,8.96,0.036675,94.16,7.4132,0,1,0,0,0,0,0,0,1,0,1,0,0,0,1,0,0,0,0,0,0,0,0,0,0,0,0,0,0,0,0,0,0,0,0,0,0,0,0,0,0,0,0,0,0,0.5625
06/07/2025,17,4,1,3,4,1,3,4,3,38.67,1,0,0,0,0,3,3,3,38.67,38.67,38.67,38.67,0,0,0,0,0,0,0,0,0,0,0,0,0,0,0,0,0,0,38.67,2.72,0,0,2.72,0.0489,35.95,2.8044,0,1,0,0,0,0,0,0,1,0,0,1,0,0,1,0,0,0,0,0,0,0,0,1,0,0,0,0,0,0,0,0,0,0,0,0,0,0,0,0,0,0,0,0,0,0.75
07/07/2025,17,17,10,7,17,10,7,17,7,90.23,10,0,0,0,0,7,7,7,90.23,90.23,90.23,90.23,12.89,0.058823529,0,0,0,0,0,0,0,0,1,0.058823529,12.89,0.058823529,0,0,0,0,77.34,42.88,35,0.159723529,7.88,0.026847059,34.46,2.8284,0,1,0,0,0,0,0,0,1,0,1,0,0,0,0,0,1,0,0,0,0,0,0,1,0,0,0,0,0,0,0,0,0,0,0,0,0,0,0,0,0,0,0,0,0,0.411764706
08/07/2025,17,13,9,4,13,9,4,13,4,51.56,9,0,0,0,0,4,4,4,51.56,51.56,51.56,51.56,12.89,0.076923077,0,0,0,0,1,0.076923077,12.89,0.076923077,0,0,0,0,0,0,0,0,38.67,5.16,0,0,5.16,0.020061538,33.51,2.7392,0,1,0,0,0,0,0,0,1,0,1,0,0,1,0,0,0,0,0,0,0,0,0,0,0,0,0,0,0,0,0,0,0,0,0,0,0,0,0,0,0,0,0,0,0,0.307692308
09/07/2025,17,5,2,3,5,2,3,5,3,38.67,2,0,0,0,0,3,3,3,38.67,38.67,38.67,38.67,0,0,0,0,0,0,0,0,0,0,0,0,0,0,0,0,0,0,38.67,2.92,0,0,2.92,0.03912,35.75,2.8044,0,1,0,0,0,0,0,0,1,0,0,1,1,0,0,0,0,0,0,0,0,0,0,1,0,0,0,0,0,0,0,0,0,0,0,0,0,0,0,0,0,0,0,0,0,0.6
10/07/2025,17,11,9,2,11,9,2,11,2,25.78,9,0,0,0,0,2,2,2,25.78,25.78,25.78,25.78,12.89,0.090909091,0,0,0,0,0,0,0,0,0,0,0,0,1,0.090909091,12.89,0.090909091,12.89,3.48,0,0,3.48,0.011854545,9.41,0.8696,0,1,0,0,0,0,0,0,1,0,0,1,0,0,0,0,0,0,1,0,0,0,0,1,0,0,0,0,0,0,0,0,0,0,0,0,0,0,0,0,0,0,0,0,0,0.181818182
11/07/2025,17,17,8,9,17,8,9,17,9,116.01,8,0,0,0,0,9,9,9,116.01,116.01,116.01,116.01,38.67,0.176470588,0,0,0,0,1,0.058823529,12.89,0.058823529,0,0,0,0,2,0.117647059,25.78,0.117647059,77.34,9.16,0,0,9.16,0.034517647,68.18,5.4132,0,1,0,0,0,0,0,0,1,0,1,0,0,0,0,1,0,0,0,0,0,0,0,1,0,0,0,0,0,0,0,0,1,0,0,0,0,0,0,0,0,0,0,0,0,0.529411765
12/07/2025,17,22,12,10,22,12,10,22,10,128.9,12,0,0,0,0,10,10,10,128.9,128.9,128.9,128.9,25.78,0.090909091,0,0,0,0,0,0,0,0,0,0,0,0,2,0.090909091,25.78,0.090909091,103.12,10.8,0,0,10.8,0.029636364,92.32,7.348,0,1,0,0,0,0,0,0,1,0,1,0,0,0,0,0,0,1,0,0,0,0,0,1,0,0,0,0,0,0,0,0,0,0,0,0,0,0,0,0,0,0,0,0,0,0.454545455
13/07/2025,17,13,3,10,13,3,10,13,10,128.9,3,0,0,0,0,10,10,10,128.9,128.9,128.9,128.9,0,0,0,0,0,0,0,0,0,0,0,0,0,0,0,0,0,0,128.9,9,0,0,9,0.050153846,119.9,9.348,0,1,0,0,0,0,0,0,1,0,1,0,0,0,1,0,0,0,0,0,0,0,0,1,0,0,0,0,0,0,0,0,0,0,0,0,0,0,0,0,0,0,0,0,0,0.769230769
14/07/2025,17,11,5,6,11,5,6,11,6,77.34,5,0,0,0,0,6,6,6,77.34,77.34,77.34,77.34,12.89,0.090909091,0,0,0,0,0,0,0,0,0,0,0,0,1,0.090909091,12.89,0.090909091,64.45,6.04,0,0,6.04,0.035563636,58.41,4.6088,0,1,0,0,0,0,0,0,1,0,0,1,0,0,0,0,1,0,0,0,0,0,0,1,0,0,0,0,0,0,0,0,0,0,0,0,0,0,0,0,0,0,0,0,0,0.545454545
15/07/2025,17,6,6,0,6,6,0,6,0,0,6,0,0,0,0,0,0,0,0,0,0,0,0,0,0,0,0,0,0,0,0,0,0,0,0,0,0,0,0,0,0,1.2,0,0,1.2,0,-1.2,0,0,1,0,0,0,0,0,0,1,0,0,0,0,1,0,0,0,0,0,0,0,0,0,0,0,0,0,0,0,0,0,0,1,0,0,0,0,0,0,0,0,0,0,0,0,0
16/07/2025,17,17,10,7,17,10,7,17,7,90.23,10,0,0,0,0,7,7,7,90.23,90.23,90.23,90.23,0,0,0,0,0,0,0,0,0,0,0,0,0,0,0,0,0,0,90.23,7.88,0,0,7.88,0.026847059,82.35,6.5436,0,1,0,0,0,0,0,0,1,0,1,0,1,0,0,0,0,0,0,0,0,0,0,0,0,0,0,0,0,0,0,0,0,0,0,0,0,0,0,0,0,0,0,0,0,0.411764706
17/07/2025,17,2,1,1,2,1,1,2,1,12.89,1,0,0,0,0,1,1,1,12.89,12.89,12.89,12.89,0,0,0,0,0,0,0,0,0,0,0,0,0,0,0,0,0,0,12.89,1.04,0,0,1.04,0.0326,11.85,0.9348,0,1,0,0,0,0,0,0,1,0,0,0,0,0,0,0,1,0,0,0,0,0,0,0,0,0,0,0,0,0,0,0,0,0,0,0,0,0,0,0,0,0,0,0,0,0.5
18/07/2025,17,25,15,10,25,15,10,25,10,128.9,15,0,0,0,0,10,10,10,128.9,128.9,128.9,128.9,38.67,0.12,1,0.04,12.89,0.04,1,0.04,12.89,0.04,0,0,0,0,1,0.04,12.89,0.04,90.23,11.4,0,0,11.4,0.02608,78.83,6.348,0,1,0,0,0,0,0,0,1,0,1,0,0,0,0,0,0,0,1,0,0,0,0,1,0,0,0,0,0,0,0,0,0,0,0,0,0,0,0,0,0,0,0,0,0,0.4
19/07/2025,17,18,10,8,18,10,8,18,8,103.12,10,0,0,0,0,8,8,8,103.12,103.12,103.12,103.12,0,0,0,0,0,0,0,0,0,0,0,0,0,0,0,0,0,0,103.12,8.72,0,0,8.72,0.028977778,94.4,7.4784,0,1,0,0,0,0,0,0,1,0,1,0,0,0,0,1,0,0,0,0,0,0,0,1,0,0,0,0,0,0,0,0,0,0,0,0,0,0,0,0,0,0,0,0,0,0.444444444
20/07/2025,17,20,8,12,20,8,12,20,12,154.68,8,0,0,0,0,12,12,12,154.68,154.68,154.68,154.68,38.67,0.15,0,0,0,0,1,0.05,12.89,0.05,0,0,0,0,2,0.1,25.78,0.1,116.01,11.68,0,0,11.68,0.03912,104.33,8.2176,0,1,0,0,0,0,0,0,1,0,1,0,0,0,0,0,0,1,0,0,0,0,0,1,0,0,0,0,0,0,0,0,0,0,0,0,0,0,0,0,0,0,0,0,0,0.6
21/07/2025,17,16,8,8,16,8,8,16,8,103.12,8,0,0,0,0,8,8,8,103.12,103.12,103.12,103.12,25.78,0.133333333,1,0.066666667,12.89,0.066666667,0,0,0,0,0,0,0,0,1,0.066666667,12.89,0.066666667,77.34,8.32,0,0,8.32,0.034773333,69.02,5.4784,0,1,0,0,0,0,0,0,1,0,1,0,0,0,1,0,0,0,0,0,0,0,0,1,0,0,0,0,0,0,0,0,1,0,0,0,0,0,0,0,0,0,0,0,0,0.533333333
22/07/2025,17,9,3,6,9,3,6,9,6,77.34,3,0,0,0,0,6,6,6,77.34,77.34,77.34,77.34,0,0,0,0,0,0,0,0,0,0,0,0,0,0,0,0,0,0,77.34,5.64,0,0,5.64,0.043466667,71.7,5.6088,0,1,0,0,0,0,0,0,1,0,1,0,0,0,0,0,1,0,0,0,0,0,0,1,0,0,0,0,0,0,0,0,0,0,0,0,0,0,0,0,0,0,0,0,0,0.666666667
23/07/2025,17,20,12,8,20,12,8,20,8,103.12,12,0,0,0,0,8,8,8,103.12,103.12,103.12,103.12,12.89,0.052631579,0,0,0,0,0,0,0,0,0,0,0,0,1,0.052631579,12.89,0.052631579,90.23,9.12,0,0,9.12,0.027452632,81.11,6.4784,0,1,0,0,0,0,0,0,1,0,1,0,0,1,0,0,0,0,0,0,0,0,0,1,0,0,0,0,0,0,0,0,0,0,0,0,0,0,0,0,0,0,0,0,0,0.421052632
24/07/2025,17,13,7,6,13,7,6,13,6,77.34,7,0,0,0,0,6,6,6,77.34,77.34,77.34,77.34,12.89,0.076923077,0,0,0,0,0,0,0,0,0,0,0,0,1,0.076923077,12.89,0.076923077,64.45,6.44,0,0,6.44,0.030092308,58.01,4.6088,0,1,0,0,0,0,0,0,1,0,1,0,1,0,0,0,0,0,0,0,0,0,0,1,0,0,0,0,0,0,0,0,0,0,0,0,0,0,0,0,0,0,0,0,0,0.461538462
25/07/2025,17,17,8,9,17,8,9,17,9,116.01,8,0,0,0,0,9,9,9,116.01,116.01,116.01,116.01,12.89,0.058823529,0,0,0,0,0,0,0,0,0,0,0,0,1,0.058823529,12.89,0.058823529,103.12,9.16,0,0,9.16,0.034517647,93.96,7.4132,0,1,0,0,0,0,0,0,1,0,1,0,0,0,0,0,0,0,1,0,0,0,0,1,0,0,0,0,0,0,0,0,0,0,0,0,0,0,0,0,0,0,0,0,0,0.529411765
26/07/2025,17,16,8,8,16,8,8,16,8,103.12,8,0,0,0,0,8,8,8,103.12,103.12,103.12,103.12,0,0,0,0,0,0,0,0,0,0,0,0,0,0,0,0,0,0,103.12,8.32,0,0,8.32,0.0326,94.8,7.4784,0,1,0,0,0,0,0,0,1,0,0,1,0,0,0,1,0,0,0,0,0,0,0,1,0,0,0,0,0,0,0,0,0,0,0,0,0,0,0,0,0,0,0,0,0,0.5
27/07/2025,17,19,8,11,19,8,11,19,11,141.79,8,0,0,0,0,11,11,11,141.79,141.79,141.79,141.79,51.56,0.210526316,0,0,0,0,0,0,0,0,0,0,0,0,4,0.210526316,51.56,0.210526316,90.23,10.84,0,0,10.84,0.037747368,79.39,6.2828,0,1,0,0,0,0,0,0,1,0,1,0,0,0,0,0,0,1,0,0,0,0,0,1,0,0,0,0,0,0,0,0,0,0,0,0,0,0,0,0,0,0,0,0,0,0.578947368
29/07/2025,17,12,6,6,12,6,6,12,6,77.34,6,0,0,0,0,6,6,6,77.34,77.34,77.34,77.34,0,0,0,0,0,0,0,0,0,0,0,0,0,0,0,0,0,0,77.34,6.24,0,0,6.24,0.0326,71.1,5.6088,0,1,0,0,0,0,0,0,1,0,1,0,0,0,0,0,1,0,0,0,0,0,0,0,0,0,0,0,0,0,0,0,0,0,0,0,0,0,0,0,0,0,0,0,0,0.5
30/07/2025,17,6,2,4,6,2,4,6,4,51.56,2,0,0,0,0,4,4,4,51.56,51.56,51.56,51.56,0,0,0,0,0,0,0,0,0,0,0,0,0,0,0,0,0,0,51.56,3.76,0,0,3.76,0.043466667,47.8,3.7392,0,1,0,0,0,0,0,0,1,0,0,1,0,1,0,0,0,0,0,0,0,0,0,1,0,0,0,0,0,0,0,0,0,0,0,0,0,0,0,0,0,0,0,0,0,0.666666667
31/07/2025,17,21,9,12,21,9,12,21,12,154.68,9,0,0,0,0,12,12,12,154.68,154.68,154.68,154.68,12.89,0.05,0,0,0,0,0,0,0,0,0,0,0,0,1,0.05,12.89,0.05,141.79,11.88,0,0,11.88,0.03586,129.91,9.2828,0,1,0,0,0,0,0,0,1,0,1,0,1,0,0,0,0,0,0,0,0,0,0,1,0,0,0,0,0,0,0,0,0,0,0,0,0,0,0,0,0,0,0,0,0,0.55
01/08/2025,17,16,10,6,16,10,6,16,6,77.34,10,0,0,0,0,6,6,6,77.34,77.34,77.34,77.34,0,0,0,0,0,0,0,0,0,0,0,0,0,0,0,0,0,0,77.34,7.04,0,0,7.04,0.02445,70.3,5.6088,0,1,0,0,0,0,0,0,1,0,1,0,0,0,0,0,0,0,1,0,0,0,0,1,0,0,0,0,0,0,0,0,1,0,0,0,0,0,0,0,0,0,0,0,0,0.375
02/08/2025,17,18,11,7,18,11,7,18,7,90.23,11,0,0,0,0,7,7,7,90.23,90.23,90.23,90.23,0,0,0,0,0,0,0,0,0,0,0,0,0,0,0,0,0,0,90.23,8.08,0,0,8.08,0.025355556,82.15,6.5436,0,1,0,0,0,0,0,0,1,0,1,0,0,0,0,1,0,0,0,0,0,0,0,0,0,0,0,0,0,0,0,0,0,0,0,0,0,0,0,0,0,0,0,0,0,0.388888889
03/08/2025,17,7,3,4,7,3,4,7,4,51.56,3,0,0,0,0,4,4,4,51.56,51.56,51.56,51.56,12.89,0.142857143,0,0,0,0,0,0,0,0,0,0,0,0,1,0.142857143,12.89,0.142857143,38.67,3.96,0,0,3.96,0.037257143,34.71,2.7392,0,1,0,0,0,0,0,0,1,0,1,0,0,0,0,0,0,1,0,0,0,0,0,0,0,0,0,0,0,0,0,0,1,0,0,0,0,0,0,0,0,0,0,0,0,0.571428571
04/08/2025,17,14,10,4,14,10,4,14,4,51.56,10,0,0,0,0,4,4,4,51.56,51.56,51.56,51.56,12.89,0.071428571,0,0,0,0,0,0,0,0,0,0,0,0,1,0.071428571,12.89,0.071428571,38.67,5.36,0,0,5.36,0.018628571,33.31,2.7392,0,1,0,0,0,0,0,0,1,0,1,0,0,0,1,0,0,0,0,0,0,0,0,1,0,0,0,0,0,0,0,0,0,0,0,0,0,0,0,0,0,0,0,0,0,0.285714286
05/08/2025,17,7,6,1,7,6,1,7,1,12.89,6,0,0,0,0,1,1,1,12.89,12.89,12.89,12.89,0,0,0,0,0,0,0,0,0,0,0,0,0,0,0,0,0,0,12.89,2.04,0,0,2.04,0.009314286,10.85,0.9348,0,1,0,0,0,0,0,0,1,0,1,0,0,0,0,0,1,0,0,0,0,0,0,0,0,0,0,0,0,0,0,0,0,0,0,0,0,0,0,0,0,0,0,0,0,0.142857143
06/08/2025,17,11,3,8,11,3,8,11,8,103.12,3,0,0,0,0,8,8,8,103.12,103.12,103.12,103.12,12.89,0.090909091,0,0,0,0,0,0,0,0,0,0,0,0,1,0.090909091,12.89,0.090909091,90.23,7.32,0,0,7.32,0.047418182,82.91,6.4784,0,1,0,0,0,0,0,0,1,0,1,0,0,1,0,0,0,0,0,0,0,0,0,1,0,0,0,0,0,0,0,0,1,0,0,0,0,0,0,0,0,0,0,0,0,0.727272727
07/08/2025,17,5,1,4,5,1,4,5,4,51.56,1,0,0,0,0,4,4,4,51.56,51.56,51.56,51.56,12.89,0.2,0,0,0,0,0,0,0,0,0,0,0,0,1,0.2,12.89,0.2,38.67,3.56,0,0,3.56,0.05216,35.11,2.7392,0,1,0,0,0,0,0,0,1,0,0,1,1,0,0,0,0,0,0,0,0,0,0,1,0,0,0,0,0,0,0,0,0,0,0,0,0,0,0,0,0,0,0,0,0,0.8
08/08/2025,17,7,4,3,7,4,3,7,3,38.67,4,0,0,0,0,3,3,3,38.67,38.67,38.67,38.67,12.89,0.142857143,0,0,0,0,0,0,0,0,0,0,0,0,1,0.142857143,12.89,0.142857143,25.78,3.32,0,0,3.32,0.027942857,22.46,1.8044,0,1,0,0,0,0,0,0,1,0,1,0,1,0,0,0,0,0,0,0,0,0,0,1,0,0,0,0,0,0,0,0,1,0,0,0,0,0,0,0,0,0,0,0,0,0.428571429
09/08/2025,17,9,5,4,9,5,4,9,4,51.56,5,0,0,0,0,4,4,4,51.56,51.56,51.56,51.56,0,0,0,0,0,0,0,0,0,0,0,0,0,0,0,0,0,0,51.56,4.36,0,0,4.36,0.028977778,47.2,3.7392,0,1,0,0,0,0,0,0,1,0,1,0,0,0,0,0,0,0,1,0,0,0,0,1,0,0,0,0,0,0,0,0,0,0,0,0,0,0,0,0,0,0,0,0,0,0.444444444
10/08/2025,17,10,7,3,10,7,3,10,3,38.67,7,0,0,0,0,3,3,3,38.67,38.67,38.67,38.67,12.89,0.1,0,0,0,0,1,0.1,12.89,0.1,0,0,0,0,0,0,0,0,25.78,3.92,0,0,3.92,0.01956,21.86,1.8044,0,1,0,0,0,0,0,0,1,0,1,0,0,0,0,1,0,0,0,0,0,0,0,0,0,0,0,0,0,0,0,0,0,0,0,0,0,0,0,0,0,0,0,0,0,0.3
11/08/2025,17,16,11,5,16,11,5,16,5,64.45,11,0,0,0,0,5,5,5,64.45,64.45,64.45,64.45,12.89,0.0625,0,0,0,0,0,0,0,0,0,0,0,0,1,0.0625,12.89,0.0625,51.56,6.4,0,0,6.4,0.020375,45.16,3.674,0,1,0,0,0,0,0,0,1,0,0,0,0,0,0,0,0,1,0,0,0,0,0,0,0,0,0,0,0,0,0,0,0,0,0,0,0,0,0,0,0,0,0,0,0,0.3125
12/08/2025,17,3,0,3,3,0,3,3,3,38.67,0,0,0,0,0,3,3,3,38.67,38.67,38.67,38.67,0,0,0,0,0,0,0,0,0,0,0,0,0,0,0,0,0,0,38.67,2.52,0,0,2.52,0.0652,36.15,2.8044,0,1,0,0,0,0,0,0,1,0,0,1,0,0,1,0,0,0,0,0,0,0,0,1,0,0,0,0,0,0,0,0,1,0,0,0,0,0,0,0,0,0,0,0,0,1
13/08/2025,17,17,12,5,17,12,5,17,5,64.45,12,0,0,0,0,5,5,5,64.45,64.45,64.45,64.45,12.89,0.058823529,0,0,0,0,0,0,0,0,0,0,0,0,1,0.058823529,12.89,0.058823529,51.56,6.6,0,0,6.6,0.019176471,44.96,3.674,0,1,0,0,0,0,0,0,1,0,1,0,0,0,0,0,1,0,0,0,0,0,0,1,0,0,0,0,0,0,0,0,1,0,0,0,0,0,0,0,0,0,0,0,0,0.294117647
14/08/2025,17,16,8,8,16,8,8,16,8,103.12,8,0,0,0,0,8,8,8,103.12,103.12,103.12,103.12,0,0,0,0,0,0,0,0,0,0,0,0,0,0,0,0,0,0,103.12,8.32,0,0,8.32,0.0326,94.8,7.4784,0,1,0,0,0,0,0,0,1,0,1,0,0,1,0,0,0,0,0,0,0,0,0,0,0,0,0,0,0,0,0,0,0,0,0,0,0,0,0,0,0,0,0,0,0,0.5
15/08/2025,17,22,11,11,22,11,11,22,11,141.79,11,0,0,0,0,11,11,11,141.79,141.79,141.79,141.79,25.78,0.090909091,0,0,0,0,0,0,0,0,0,0,0,0,2,0.090909091,25.78,0.090909091,116.01,11.44,0,0,11.44,0.0326,104.57,8.2828,0,1,0,0,0,0,0,0,1,0,1,0,1,0,0,0,0,0,0,0,0,0,0,1,0,0,0,0,0,0,0,0,0,0,0,0,0,0,0,0,0,0,0,0,0,0.5
16/08/2025,17,15,8,7,15,8,7,15,7,90.23,8,0,0,0,0,7,7,7,90.23,90.23,90.23,90.23,0,0,0,0,0,0,0,0,0,0,0,0,0,0,0,0,0,0,90.23,7.48,0,0,7.48,0.030426667,82.75,6.5436,0,1,0,0,0,0,0,0,1,0,1,0,0,0,0,0,0,0,1,0,0,0,0,1,0,0,0,0,0,0,0,0,0,0,0,0,0,0,0,0,0,0,0,0,0,0.466666667
17/08/2025,17,22,14,8,22,14,8,22,8,103.12,14,0,0,0,0,8,8,8,103.12,103.12,103.12,103.12,0,0,0,0,0,0,0,0,0,0,0,0,0,0,0,0,0,0,103.12,9.52,0,0,9.52,0.024838095,93.6,7.4784,0,1,0,0,0,0,0,0,1,0,1,0,0,0,0,1,0,0,0,0,0,0,0,1,0,0,0,0,0,0,0,0,0,0,0,0,0,0,0,0,0,0,0,0,0,0.380952381
18/08/2025,17,2,1,1,2,1,1,2,1,12.89,1,0,0,0,0,1,1,1,12.89,12.89,12.89,12.89,0,0,0,0,0,0,0,0,0,0,0,0,0,0,0,0,0,0,12.89,1.04,0,0,1.04,0.0326,11.85,0.9348,0,1,0,0,0,0,0,0,1,0,0,0,0,0,0,0,0,0,1,0,0,0,0,0,0,0,0,0,0,0,0,0,0,0,0,0,0,0,0,0,0,0,0,0,0,0.5
19/08/2025,17,11,4,7,11,4,7,11,7,90.23,4,0,0,0,0,7,7,7,90.23,90.23,90.23,90.23,12.89,0.090909091,0,0,0,0,0,0,0,0,0,0,0,0,1,0.090909091,12.89,0.090909091,77.34,6.68,0,0,6.68,0.041490909,70.66,5.5436,0,1,0,0,0,0,0,0,1,0,1,0,0,0,0,0,0,1,0,0,0,0,0,0,0,0,0,0,0,0,0,0,0,0,0,0,0,0,0,0,0,0,0,0,0,0.636363636
20/08/2025,17,16,7,9,16,7,9,16,9,116.01,7,0,0,0,0,9,9,9,116.01,116.01,116.01,116.01,25.78,0.133333333,0,0,0,0,0,0,0,0,0,0,0,0,2,0.133333333,25.78,0.133333333,90.23,8.96,0,0,8.96,0.034773333,81.27,5.4784,0,1,0,0,0,0,0,0,1,0,1,0,0,0,1,0,0,0,0,0,0,0,0,1,0,0,0,0,0,0,0,0,0,0,0,0,0,0,0,0,0,0,0,0,0,0.533333333
21/08/2025,17,13,7,6,13,7,6,13,6,77.34,7,0,0,0,0,6,6,6,77.34,77.34,77.34,77.34,12.89,0.076923077,0,0,0,0,0,0,0,0,0,0,0,0,1,0.076923077,12.89,0.076923077,64.45,6.44,0,0,6.44,0.030092308,58.01,4.6088,0,1,0,0,0,0,0,0,1,0,1,0,0,0,0,0,1,0,0,0,0,0,0,1,0,0,0,0,0,0,0,0,1,0,0,0,0,0,0,0,0,0,0,0,0,0.461538462
22/08/2025,17,9,4,5,9,4,5,9,5,64.45,4,0,0,0,0,5,5,5,64.45,64.45,64.45,64.45,12.89,0.111111111,0,0,0,0,1,0.111111111,12.89,0.111111111,0,0,0,0,0,0,0,0,51.56,5,0,0,5,0.036222222,46.56,3.674,0,1,0,0,0,0,0,0,1,0,1,0,0,1,0,0,0,0,0,0,0,0,0,1,0,0,0,0,0,0,0,0,0,0,0,0,0,0,0,0,0,0,0,0,0,0.555555556
23/08/2025,17,29,19,10,29,19,10,29,10,128.9,19,0,0,0,0,10,10,10,128.9,128.9,128.9,128.9,38.67,0.103448276,0,0,0,0,1,0.034482759,12.89,0.034482759,0,0,0,0,2,0.068965517,25.78,0.068965517,90.23,12.2,0,0,12.2,0.022482759,78.03,6.348,0,1,0,0,0,0,0,0,1,0,1,0,1,0,0,0,0,0,0,0,0,0,0,1,0,0,0,0,0,0,0,0,0,0,0,0,0,0,0,0,0,0,0,0,0,0.344827586
24/08/2025,17,15,10,5,15,10,5,15,5,64.45,10,0,0,0,0,5,5,5,64.45,64.45,64.45,64.45,0,0,0,0,0,0,0,0,0,0,0,0,0,0,0,0,0,0,64.45,6.2,0,0,6.2,0.021733333,58.25,4.674,0,1,0,0,0,0,0,0,1,0,1,0,0,0,0,0,0,0,1,0,0,0,0,1,0,0,0,0,0,0,0,0,0,0,0,0,0,0,0,0,0,0,0,0,0,0.333333333
25/08/2025,17,26,20,6,26,20,6,26,6,77.34,20,0,0,0,0,6,6,6,77.34,77.34,77.34,77.34,12.89,0.038461538,0,0,0,0,0,0,0,0,0,0,0,0,1,0.038461538,12.89,0.038461538,64.45,9.04,0,0,9.04,0.015046154,55.41,4.6088,0,1,0,0,0,0,0,0,1,0,1,0,0,0,0,1,0,0,0,0,0,0,0,1,0,0,0,0,0,0,0,0,1,0,0,0,0,0,0,0,0,0,0,0,0,0.230769231
26/08/2025,17,9,6,3,9,6,3,9,3,38.67,6,0,0,0,0,3,3,3,38.67,38.67,38.67,38.67,12.89,0.111111111,0,0,0,0,0,0,0,0,0,0,0,0,1,0.111111111,12.89,0.111111111,25.78,3.72,0,0,3.72,0.021733333,22.06,1.8044,0,1,0,0,0,0,0,0,1,0,1,0,0,0,0,0,0,1,0,0,0,0,0,0,0,0,0,0,0,0,0,0,1,0,0,0,0,0,0,0,0,0,0,0,0,0.333333333
27/08/2025,17,4,1,3,4,1,3,4,3,38.67,1,0,0,0,0,3,3,3,38.67,38.67,38.67,38.67,0,0,0,0,0,0,0,0,0,0,0,0,0,0,0,0,0,0,38.67,2.72,0,0,2.72,0.0489,35.95,2.8044,0,1,0,0,0,0,0,0,1,0,0,0,0,0,1,0,0,0,0,0,0,0,0,1,0,0,0,0,0,0,0,0,0,0,0,0,0,0,0,0,0,0,0,0,0,0.75
28/08/2025,17,11,8,3,11,8,3,11,3,38.67,8,0,0,0,0,3,3,3,38.67,38.67,38.67,38.67,12.89,0.090909091,0,0,0,0,0,0,0,0,0,0,0,0,1,0.090909091,12.89,0.090909091,25.78,4.12,0,0,4.12,0.017781818,21.66,1.8044,0,1,0,0,0,0,0,0,1,0,1,0,0,0,0,0,1,0,0,0,0,0,0,1,0,0,0,0,0,0,0,0,0,0,0,0,0,0,0,0,0,0,0,0,0,0.272727273
29/08/2025,17,3,1,2,3,1,2,3,2,25.78,1,0,0,0,0,2,2,2,25.78,25.78,25.78,25.78,0,0,0,0,0,0,0,0,0,0,0,0,0,0,0,0,0,0,25.78,1.88,0,0,1.88,0.043466667,23.9,1.8696,0,1,0,0,0,0,0,0,1,0,1,0,0,0,0,1,0,0,0,0,0,0,0,0,0,0,0,0,0,0,0,0,1,0,0,0,0,0,0,0,0,0,0,0,0,0.666666667
30/08/2025,17,24,17,7,24,17,7,24,7,90.23,17,0,0,0,0,7,7,7,90.23,90.23,90.23,90.23,0,0,0,0,0,0,0,0,0,0,0,0,0,0,0,0,0,0,90.23,9.28,0,0,9.28,0.019016667,80.95,6.5436,0,1,0,0,0,0,0,0,1,0,0,0,0,1,0,0,0,0,0,0,0,0,0,1,0,0,0,0,0,0,0,0,0,0,0,0,0,0,0,0,0,0,0,0,0,0.291666667
31/08/2025,17,6,3,3,6,3,3,6,3,38.67,3,0,0,0,0,3,3,3,38.67,38.67,38.67,38.67,0,0,0,0,0,0,0,0,0,0,0,0,0,0,0,0,0,0,38.67,3.12,0,0,3.12,0.0326,35.55,2.8044,0,1,0,0,0,0,0,0,1,0,1,0,1,0,0,0,0,0,0,0,0,0,0,1,0,0,0,0,0,0,0,0,0,0,0,0,0,0,0,0,0,0,0,0,0,0.5
01/09/2025,17,10,7,3,10,7,3,10,3,38.67,7,0,0,0,0,3,3,3,38.67,38.67,38.67,38.67,0,0,0,0,0,0,0,0,0,0,0,0,0,0,0,0,0,0,38.67,3.92,0,0,3.92,0.01956,34.75,2.8044,0,1,0,0,0,0,0,0,1,0,1,0,0,0,0,0,0,0,1,0,0,0,0,0,0,0,0,0,0,0,0,0,1,0,0,0,0,0,0,0,0,0,0,0,0,0.3
02/09/2025,17,15,12,3,15,12,3,15,3,38.67,12,0,0,0,0,3,3,3,38.67,38.67,38.67,38.67,0,0,0,0,0,0,0,0,0,0,0,0,0,0,0,0,0,0,38.67,4.92,0,0,4.92,0.01304,33.75,2.8044,0,1,0,0,0,0,0,0,1,0,1,0,0,0,0,1,0,0,0,0,0,0,0,1,0,0,0,0,0,0,0,0,0,0,0,0,0,0,0,0,0,0,0,0,0,0.2
03/09/2025,17,1,1,0,1,1,0,1,0,0,1,0,0,0,0,0,0,0,0,0,0,0,0,0,0,0,0,0,0,0,0,0,0,0,0,0,0,0,0,0,0,0.2,0,0,0.2,0,-0.2,0,0,1,0,0,0,0,0,0,1,0,1,0,0,0,0,0,0,1,0,0,0,0,0,0,0,0,0,1,0,0,0,0,1,0,0,0,0,0,0,0,0,0,0,0,0,0
04/09/2025,17,7,6,1,7,6,1,7,1,12.89,6,0,0,0,0,1,1,1,12.89,12.89,12.89,12.89,0,0,0,0,0,0,0,0,0,0,0,0,0,0,0,0,0,0,12.89,2.04,0,0,2.04,0.009314286,10.85,0.9348,0,1,0,0,0,0,0,0,1,0,0,1,0,0,1,0,0,0,0,0,0,0,0,0,0,0,0,0,0,0,0,0,1,0,0,0,0,0,0,0,0,0,0,0,0,0.142857143
05/09/2025,17,4,3,1,4,3,1,4,1,12.89,3,0,0,0,0,1,1,1,12.89,12.89,12.89,12.89,0,0,0,0,0,0,0,0,0,0,0,0,0,0,0,0,0,0,12.89,1.44,0,0,1.44,0.0163,11.45,0.9348,0,1,0,0,0,0,0,0,1,0,1,0,0,0,0,0,1,0,0,0,0,0,0,1,0,0,0,0,0,0,0,0,0,0,0,0,0,0,0,0,0,0,0,0,0,0.25
06/09/2025,17,1,0,1,1,0,1,1,1,12.89,0,0,0,0,0,1,1,1,12.89,12.89,12.89,12.89,12.89,1,1,1,12.89,1,0,0,0,0,0,0,0,0,0,0,0,0,0,0.84,0,0,0.84,0.0652,-0.84,-0.0652,0,1,0,0,0,0,0,0,1,0,0,1,0,1,0,0,0,0,0,0,0,0,0,0,0,0,1,0,0,0,0,0,0,0,0,0,0,0,1,0,0,0,0,0,0,1
07/09/2025,17,10,6,4,10,6,4,10,4,51.56,6,0,0,0,0,4,4,4,51.56,51.56,51.56,51.56,12.89,0.1,0,0,0,0,0,0,0,0,0,0,0,0,1,0.1,12.89,0.1,38.67,4.56,0,0,4.56,0.02608,34.11,2.7392,0,1,0,0,0,0,0,0,1,0,0,1,1,0,0,0,0,0,0,0,0,0,0,1,0,0,0,0,0,0,0,0,0,0,0,0,0,0,0,0,0,0,0,0,0,0.4
08/09/2025,17,7,5,2,7,5,2,7,2,25.78,5,0,0,0,0,2,2,2,25.78,25.78,25.78,25.78,0,0,0,0,0,0,0,0,0,0,0,0,0,0,0,0,0,0,25.78,2.68,0,0,2.68,0.018628571,23.1,1.8696,0,1,0,0,0,0,0,0,1,0,1,0,0,0,0,0,0,0,1,0,0,0,0,1,0,0,0,0,0,0,0,0,0,0,0,0,0,0,0,0,0,0,0,0,0,0.285714286
11/05/2025,18,7,4,3,7,4,3,7,3,38.67,4,0,0,0,0,3,3,3,38.67,38.67,38.67,38.67,0,0,0,0,0,0,0,0,0,0,0,0,0,0,0,0,0,0,38.67,3.32,0,0,3.32,0.027942857,35.35,2.8044,0,1,0,0,0,0,0,0,1,0,1,0,0,0,0,0,0,1,0,0,0,0,0,1,0,0,0,0,0,0,0,0,0,0,0,0,0,0,0,0,0,0,0,0,0,0.428571429
22/05/2025,18,4,2,2,4,2,2,4,2,25.78,2,0,0,0,0,2,2,2,25.78,25.78,25.78,25.78,0,0,0,0,0,0,0,0,0,0,0,0,0,0,0,0,0,0,25.78,2.08,0,0,2.08,0.0326,23.7,1.8696,0,1,0,0,0,0,0,0,1,0,1,0,0,0,1,0,0,0,0,0,0,0,0,1,0,0,0,0,0,0,0,0,0,0,0,0,0,0,0,0,0,0,0,0,0,0.5
02/06/2025,18,14,10,4,14,10,4,14,4,51.56,10,0,0,0,0,4,4,4,51.56,51.56,51.56,51.56,0,0,0,0,0,0,0,0,0,0,0,0,0,0,0,0,0,0,51.56,5.36,0,0,5.36,0.018628571,46.2,3.7392,0,1,0,0,0,0,0,0,1,0,1,0,0,0,0,0,1,0,0,0,0,0,0,0,0,0,0,0,0,0,0,0,0,0,0,0,0,0,0,0,0,0,0,0,0,0.285714286
07/06/2025,18,2,2,0,2,2,0,2,0,0,2,0,0,0,0,0,0,0,0,0,0,0,0,0,0,0,0,0,0,0,0,0,0,0,0,0,0,0,0,0,0,0.4,0,0,0.4,0,-0.4,0,0,1,0,0,0,0,0,0,0,0,0,0,0,1,0,0,0,0,0,0,0,0,0,1,0,0,0,0,0,0,0,0,0,0,0,0,0,0,0,0,0,0,0,0,0,0
08/06/2025,18,10,4,6,10,4,6,10,6,77.34,4,0,0,0,0,6,6,6,77.34,77.34,77.34,77.34,12.89,0.1,0,0,0,0,0,0,0,0,0,0,0,0,1,0.1,12.89,0.1,64.45,5.84,0,0,5.84,0.03912,58.61,4.6088,0,1,0,0,0,0,0,0,1,0,1,0,1,0,0,0,0,0,0,0,0,0,0,1,0,0,0,0,0,0,0,0,1,0,0,0,0,0,0,0,0,0,0,0,0,0.6
09/06/2025,18,1,1,0,1,1,0,1,0,0,1,0,0,0,0,0,0,0,0,0,0,0,0,0,0,0,0,0,0,0,0,0,0,0,0,0,0,0,0,0,0,0.2,0,0,0.2,0,-0.2,0,0,1,0,0,0,0,0,0,0,1,1,0,0,0,0,0,0,0,1,0,0,1,0,0,0,0,0,0,0,0,0,0,1,0,0,0,0,0,0,0,0,0,0,0,0,0
16/06/2025,18,12,7,5,12,7,5,12,5,64.45,7,0,0,0,0,5,5,5,64.45,64.45,64.45,64.45,0,0,0,0,0,0,0,0,0,0,0,0,0,0,0,0,0,0,64.45,5.6,0,0,5.6,0.027166667,58.85,4.674,0,1,0,0,0,0,0,0,1,0,1,0,1,0,0,0,0,0,0,0,0,0,0,1,0,0,0,0,0,0,0,0,0,0,0,0,0,0,0,0,0,0,0,0,0,0.416666667
17/06/2025,18,4,3,1,4,3,1,4,1,12.89,3,0,0,0,0,1,1,1,12.89,12.89,12.89,12.89,0,0,0,0,0,0,0,0,0,0,0,0,0,0,0,0,0,0,12.89,1.44,0,0,1.44,0.0163,11.45,0.9348,0,1,0,0,0,0,0,0,1,0,1,0,0,0,0,0,0,0,1,0,0,0,0,0,0,0,0,0,0,0,0,0,0,0,0,0,0,0,0,0,0,0,0,0,0,0.25
18/06/2025,18,3,1,2,3,1,2,3,2,25.78,1,0,0,0,0,2,2,2,25.78,25.78,25.78,25.78,12.89,0.333333333,0,0,0,0,0,0,0,0,0,0,0,0,1,0.333333333,12.89,0.333333333,12.89,1.88,0,0,1.88,0.043466667,11.01,0.8696,0,1,0,0,0,0,0,0,1,0,0,1,0,0,0,1,0,0,0,0,0,0,0,0,0,0,0,0,0,0,0,0,1,0,0,0,0,0,0,0,0,0,0,0,0,0.666666667
19/06/2025,18,6,4,2,6,4,2,6,2,25.78,4,0,0,0,0,2,2,2,25.78,25.78,25.78,25.78,0,0,0,0,0,0,0,0,0,0,0,0,0,0,0,0,0,0,25.78,2.48,0,0,2.48,0.021733333,23.3,1.8696,0,1,0,0,0,0,0,0,0,0,1,0,0,0,0,0,0,1,0,0,0,0,0,0,0,0,0,0,0,0,0,0,0,0,0,0,0,0,0,0,0,0,0,0,0,0.333333333
20/06/2025,18,7,4,3,7,4,3,7,3,38.67,4,0,0,0,0,3,3,3,38.67,38.67,38.67,38.67,12.89,0.142857143,0,0,0,0,0,0,0,0,0,0,0,0,1,0.142857143,12.89,0.142857143,25.78,3.32,0,0,3.32,0.027942857,22.46,1.8044,0,1,0,0,0,0,0,0,1,0,1,0,0,0,1,0,0,0,0,0,0,0,0,1,0,0,0,0,0,0,0,0,0,0,0,0,0,0,0,0,0,0,0,0,0,0.428571429
21/06/2025,18,8,5,3,8,5,3,8,3,38.67,5,0,0,0,0,3,3,3,38.67,38.67,38.67,38.67,12.89,0.125,0,0,0,0,0,0,0,0,0,0,0,0,1,0.125,12.89,0.125,25.78,3.52,0,0,3.52,0.02445,22.26,1.8044,0,1,0,0,0,0,0,0,1,0,0,0,0,0,0,0,1,0,0,0,0,0,0,1,0,0,0,0,0,0,0,0,0,0,0,0,0,0,0,0,0,0,0,0,0,0.375
22/06/2025,18,13,8,5,13,8,5,13,5,64.45,8,0,0,0,0,5,5,5,64.45,64.45,64.45,64.45,12.89,0.076923077,0,0,0,0,0,0,0,0,0,0,0,0,1,0.076923077,12.89,0.076923077,51.56,5.8,0,0,5.8,0.025076923,45.76,3.674,0,1,0,0,0,0,0,0,1,0,1,0,0,1,0,0,0,0,0,0,0,0,0,0,0,0,0,0,0,0,0,0,1,0,0,0,0,0,0,0,0,0,0,0,0,0.384615385
23/06/2025,18,11,5,6,11,5,6,11,6,77.34,5,0,0,0,0,6,6,6,77.34,77.34,77.34,77.34,0,0,0,0,0,0,0,0,0,0,0,0,0,0,0,0,0,0,77.34,6.04,0,0,6.04,0.035563636,71.3,5.6088,0,1,0,0,0,0,0,0,1,0,0,1,1,0,0,0,0,0,0,0,0,0,0,1,0,0,0,0,0,0,0,0,0,0,0,0,0,0,0,0,0,0,0,0,0,0.545454545
24/06/2025,18,10,8,2,10,8,2,10,2,25.78,8,0,0,0,0,2,2,2,25.78,25.78,25.78,25.78,0,0,0,0,0,0,0,0,0,0,0,0,0,0,0,0,0,0,25.78,3.28,0,0,3.28,0.01304,22.5,1.8696,0,1,0,0,0,0,0,0,1,0,0,0,0,0,0,0,0,0,1,0,0,0,0,0,0,0,0,0,0,0,0,0,0,0,0,0,0,0,0,0,0,0,0,0,0,0.2
26/06/2025,18,16,11,5,16,11,5,16,5,64.45,11,0,0,0,0,5,5,5,64.45,64.45,64.45,64.45,0,0,0,0,0,0,0,0,0,0,0,0,0,0,0,0,0,0,64.45,6.4,0,0,6.4,0.020375,58.05,4.674,0,1,0,0,0,0,0,0,1,0,1,0,0,0,0,1,0,0,0,0,0,0,0,1,0,0,0,0,0,0,0,0,0,0,0,0,0,0,0,0,0,0,0,0,0,0.3125
27/06/2025,18,13,4,9,13,4,9,13,9,116.01,4,0,0,0,0,9,9,9,116.01,116.01,116.01,116.01,0,0,0,0,0,0,0,0,0,0,0,0,0,0,0,0,0,0,116.01,8.36,0,0,8.36,0.045138462,107.65,8.4132,0,1,0,0,0,0,0,0,1,0,1,0,0,0,0,0,0,1,0,0,0,0,0,1,0,0,0,0,0,0,0,0,0,0,0,0,0,0,0,0,0,0,0,0,0,0.692307692
28/06/2025,18,13,5,8,13,5,8,13,8,103.12,5,0,0,0,0,8,8,8,103.12,103.12,103.12,103.12,12.89,0.076923077,0,0,0,0,0,0,0,0,0,0,0,0,1,0.076923077,12.89,0.076923077,90.23,7.72,0,0,7.72,0.040123077,82.51,6.4784,0,1,0,0,0,0,0,0,1,0,1,0,0,0,1,0,0,0,0,0,0,0,0,1,0,0,0,0,0,0,0,0,0,0,0,0,0,0,0,0,0,0,0,0,0,0.615384615
29/06/2025,18,47,27,20,47,27,20,47,20,257.8,27,0,0,0,0,20,20,20,257.8,257.8,257.8,257.8,51.56,0.085106383,0,0,0,0,0,0,0,0,0,0,0,0,4,0.085106383,51.56,0.085106383,206.24,22.2,0,0,22.2,0.027744681,184.04,14.696,0,1,0,0,0,0,0,0,1,0,0,1,0,0,0,0,1,0,0,0,0,0,0,1,0,0,0,0,0,0,0,0,0,0,0,0,0,0,0,0,0,0,0,0,0,0.425531915
30/06/2025,18,27,14,13,27,14,13,27,13,167.57,14,0,0,0,0,13,13,13,167.57,167.57,167.57,167.57,51.56,0.148148148,0,0,0,0,1,0.037037037,12.89,0.037037037,0,0,0,0,3,0.111111111,38.67,0.111111111,116.01,13.72,0,0,13.72,0.031392593,102.29,8.1524,0,1,0,0,0,0,0,0,1,0,1,0,0,1,0,0,0,0,0,0,0,0,0,1,0,0,0,0,0,0,0,0,0,0,0,0,0,0,0,0,0,0,0,0,0,0.481481481
01/07/2025,18,33,12,21,33,12,21,33,21,270.69,12,0,0,0,0,21,21,21,270.69,270.69,270.69,270.69,25.78,0.060606061,0,0,0,0,0,0,0,0,0,0,0,0,2,0.060606061,25.78,0.060606061,244.91,20.04,0,0,20.04,0.041490909,224.87,17.6308,0,1,0,0,0,0,0,0,1,0,1,0,1,0,0,0,0,0,0,0,0,0,0,1,0,0,0,0,0,0,0,0,0,0,0,0,0,0,0,0,0,0,0,0,0,0.636363636
02/07/2025,18,6,5,1,6,5,1,6,1,12.89,5,0,0,0,0,1,1,1,12.89,12.89,12.89,12.89,0,0,0,0,0,0,0,0,0,0,0,0,0,0,0,0,0,0,12.89,1.84,0,0,1.84,0.010866667,11.05,0.9348,0,1,0,0,0,0,0,0,1,0,0,0,0,0,0,0,0,0,1,0,0,0,0,1,0,0,0,0,0,0,0,0,0,0,0,0,0,0,0,0,0,0,0,0,0,0.166666667
06/07/2025,18,7,4,3,7,4,3,7,3,38.67,4,0,0,0,0,3,3,3,38.67,38.67,38.67,38.67,0,0,0,0,0,0,0,0,0,0,0,0,0,0,0,0,0,0,38.67,3.32,0,0,3.32,0.027942857,35.35,2.8044,0,1,0,0,0,0,0,0,1,0,1,0,0,0,1,0,0,0,0,0,0,0,0,1,0,0,0,0,0,0,0,0,0,0,0,0,0,0,0,0,0,0,0,0,0,0.428571429
17/07/2025,18,4,2,2,4,2,2,4,2,25.78,2,0,0,0,0,2,2,2,25.78,25.78,25.78,25.78,0,0,0,0,0,0,0,0,0,0,0,0,0,0,0,0,0,0,25.78,2.08,0,0,2.08,0.0326,23.7,1.8696,0,1,0,0,0,0,0,0,1,0,0,0,0,0,0,0,1,0,0,0,0,0,0,0,0,0,0,0,0,0,0,0,0,0,0,0,0,0,0,0,0,0,0,0,0,0.5
07/08/2025,18,11,7,4,11,7,4,11,4,51.56,7,0,0,0,0,4,4,4,51.56,51.56,51.56,51.56,0,0,0,0,0,0,0,0,0,0,0,0,0,0,0,0,0,0,51.56,4.76,0,0,4.76,0.023709091,46.8,3.7392,0,1,0,0,0,0,0,0,1,0,1,0,1,0,0,0,0,0,0,0,0,0,0,1,0,0,0,0,0,0,0,0,1,0,0,0,0,0,0,0,0,0,0,0,0,0.363636364
18/08/2025,18,5,3,2,5,3,2,5,2,25.78,3,0,0,0,0,2,2,2,25.78,25.78,25.78,25.78,0,0,0,0,0,0,0,0,0,0,0,0,0,0,0,0,0,0,25.78,2.28,0,0,2.28,0.02608,23.5,1.8696,0,1,0,0,0,0,0,0,1,0,1,0,0,0,0,0,0,0,1,0,0,0,0,1,0,0,0,0,0,0,0,0,1,0,0,0,0,0,0,0,0,0,0,0,0,0.4
26/08/2025,18,19,14,5,19,14,5,19,5,64.45,14,0,0,0,0,5,5,5,64.45,64.45,64.45,64.45,0,0,0,0,0,0,0,0,0,0,0,0,0,0,0,0,0,0,64.45,7,0,0,7,0.017157895,57.45,4.674,0,1,0,0,0,0,0,0,1,0,1,0,0,0,0,0,0,1,0,0,0,0,0,1,0,0,0,0,0,0,0,0,1,0,0,0,0,0,0,0,0,0,0,0,0,0.263157895
27/08/2025,18,4,1,3,4,1,3,4,3,38.67,1,0,0,0,0,3,3,3,38.67,38.67,38.67,38.67,12.89,0.25,0,0,0,0,0,0,0,0,0,0,0,0,1,0.25,12.89,0.25,25.78,2.72,0,0,2.72,0.0489,23.06,1.8044,0,1,0,0,0,0,0,0,1,0,1,0,0,0,1,0,0,0,0,0,0,0,0,0,0,0,0,0,0,0,0,0,0,0,0,0,0,0,0,0,1,0,0,0,0,0.75
28/08/2025,18,12,9,3,12,9,3,12,3,38.67,9,0,0,0,0,3,3,3,38.67,38.67,38.67,38.67,12.89,0.083333333,0,0,0,0,0,0,0,0,0,0,0,0,1,0.083333333,12.89,0.083333333,25.78,4.32,0,0,4.32,0.0163,21.46,1.8044,0,1,0,0,0,0,0,0,1,0,1,0,0,0,0,0,1,0,0,0,0,0,0,1,0,0,0,0,0,0,0,0,0,0,0,0,0,0,0,0,0,0,0,0,0,0.25
29/08/2025,18,6,2,4,6,2,4,6,4,51.56,2,0,0,0,0,4,4,4,51.56,51.56,51.56,51.56,0,0,0,0,0,0,0,0,0,0,0,0,0,0,0,0,0,0,51.56,3.76,0,0,3.76,0.043466667,47.8,3.7392,0,1,0,0,0,0,0,0,1,0,0,0,0,0,0,1,0,0,0,0,0,0,0,1,0,0,0,0,0,0,0,0,0,0,0,0,0,0,0,0,0,0,0,0,0,0.666666667
30/08/2025,18,10,2,8,10,2,8,10,8,103.12,2,0,0,0,0,8,8,8,103.12,103.12,103.12,103.12,12.89,0.1,0,0,0,0,0,0,0,0,0,0,0,0,1,0.1,12.89,0.1,90.23,7.12,0,0,7.12,0.05216,83.11,6.4784,0,1,0,0,0,0,0,0,1,0,0,0,0,1,0,0,0,0,0,0,0,0,0,1,0,0,0,0,0,0,0,0,0,0,0,0,0,0,0,0,0,0,0,0,0,0.8
31/08/2025,18,13,8,5,13,8,5,13,5,64.45,8,0,0,0,0,5,5,5,64.45,64.45,64.45,64.45,0,0,0,0,0,0,0,0,0,0,0,0,0,0,0,0,0,0,64.45,5.8,0,0,5.8,0.025076923,58.65,4.674,0,1,0,0,0,0,0,0,1,0,1,0,1,0,0,0,0,0,0,0,0,0,0,1,0,0,0,0,0,0,0,0,0,0,0,0,0,0,0,0,0,0,0,0,0,0.384615385
01/09/2025,18,10,5,5,10,5,5,10,5,64.45,5,0,0,0,0,5,5,5,64.45,64.45,64.45,64.45,12.89,0.1,1,0.1,12.89,0.1,0,0,0,0,0,0,0,0,0,0,0,0,51.56,5.2,0,0,5.2,0.0326,46.36,3.674,0,1,0,0,0,0,0,0,1,0,0,1,0,0,0,0,0,0,1,0,0,0,0,1,0,0,0,0,0,0,0,0,0,0,0,0,0,0,0,0,0,0,0,0,0,0.5
02/09/2025,18,7,5,2,7,5,2,7,2,25.78,5,0,0,0,0,2,2,2,25.78,25.78,25.78,25.78,0,0,0,0,0,0,0,0,0,0,0,0,0,0,0,0,0,0,25.78,2.68,0,0,2.68,0.018628571,23.1,1.8696,0,1,0,0,0,0,0,0,1,0,0,1,0,0,0,1,0,0,0,0,0,0,0,1,0,0,0,0,0,0,0,0,0,0,0,0,0,0,0,0,0,0,0,0,0,0.285714286
03/09/2025,18,4,1,3,4,1,3,4,3,38.67,1,0,0,0,0,3,3,3,38.67,38.67,38.67,38.67,0,0,0,0,0,0,0,0,0,0,0,0,0,0,0,0,0,0,38.67,2.72,0,0,2.72,0.0489,35.95,2.8044,0,1,0,0,0,0,0,0,1,0,1,0,0,0,0,0,0,1,0,0,0,0,0,0,0,0,0,0,0,0,0,0,0,0,0,0,0,0,0,0,0,0,0,0,0,0.75
04/09/2025,18,9,6,3,9,6,3,9,3,38.67,6,0,0,0,0,3,3,3,38.67,38.67,38.67,38.67,0,0,0,0,0,0,0,0,0,0,0,0,0,0,0,0,0,0,38.67,3.72,0,0,3.72,0.021733333,34.95,2.8044,0,1,0,0,0,0,0,0,1,0,1,0,0,0,1,0,0,0,0,0,0,0,0,1,0,0,0,0,0,0,0,0,0,0,0,0,0,0,0,0,0,0,0,0,0,0.333333333
05/09/2025,18,5,1,4,5,1,4,5,4,51.56,1,0,0,0,0,4,4,4,51.56,51.56,51.56,51.56,12.89,0.2,0,0,0,0,0,0,0,0,0,0,0,0,1,0.2,12.89,0.2,38.67,3.56,0,0,3.56,0.05216,35.11,2.7392,0,1,0,0,0,0,0,0,1,0,0,1,0,0,0,0,1,0,0,0,0,0,0,0,0,0,0,0,1,0,0,0,0,0,0,0,0,0,0,0,0,0,0,0,0,0.8
06/09/2025,18,18,11,7,18,11,7,18,7,90.23,11,0,0,0,0,7,7,7,90.23,90.23,90.23,90.23,0,0,0,0,0,0,0,0,0,0,0,0,0,0,0,0,0,0,90.23,8.08,0,0,8.08,0.025355556,82.15,6.5436,0,1,0,0,0,0,0,0,1,0,1,0,0,1,0,0,0,0,0,0,0,0,0,1,0,0,0,0,0,0,0,0,0,0,0,0,0,0,0,0,0,0,0,0,0,0.388888889
07/09/2025,18,10,6,4,10,6,4,10,4,51.56,6,0,0,0,0,4,4,4,51.56,51.56,51.56,51.56,0,0,0,0,0,0,0,0,0,0,0,0,0,0,0,0,0,0,51.56,4.56,0,0,4.56,0.02608,47,3.7392,0,1,0,0,0,0,0,0,1,0,1,0,1,0,0,0,0,0,0,0,0,0,0,1,0,0,0,0,0,0,0,0,0,0,0,0,0,0,0,0,0,0,0,0,0,0.4
11/05/2025,19,5,2,3,5,2,3,5,3,38.67,2,0,0,0,0,3,3,3,38.67,38.67,38.67,38.67,38.67,0.6,0,0,0,0,0,0,0,0,2,0.4,25.78,0.4,1,0.2,12.89,0.2,0,72.92,70,1.08612,2.92,0.03912,-72.92,-5.626,1,0,0,0,0,0,0,0,1,0,0,1,0,0,0,0,0,1,0,0,0,0,0,1,0,0,0,0,0,0,0,0,1,0,0,0,0,0,0,0,0,0,0,0,0,0.6
12/05/2025,19,10,6,4,10,6,4,10,4,51.56,6,0,0,0,0,4,4,4,51.56,51.56,51.56,51.56,0,0,0,0,0,0,0,0,0,0,0,0,0,0,0,0,0,0,51.56,4.56,0,0,4.56,0.02608,47,3.7392,1,0,0,0,0,0,0,0,1,0,1,0,0,0,0,1,0,0,0,0,0,0,0,1,0,0,0,0,0,0,0,0,1,0,0,0,0,0,0,0,0,0,0,0,0,0.4
13/05/2025,19,4,3,1,4,3,1,4,1,12.89,3,0,0,0,0,1,1,1,12.89,12.89,12.89,12.89,0,0,0,0,0,0,0,0,0,0,0,0,0,0,0,0,0,0,12.89,1.44,0,0,1.44,0.0163,11.45,0.9348,1,0,0,0,0,0,0,0,1,0,1,0,0,0,0,0,0,1,0,0,0,0,0,0,0,0,0,0,0,0,0,0,0,0,0,0,0,0,0,0,0,0,0,0,0,0.25
14/05/2025,19,22,15,7,22,15,7,22,7,90.23,15,0,0,0,0,7,7,7,90.23,90.23,90.23,90.23,38.67,0.136363636,1,0.045454545,12.89,0.045454545,2,0.090909091,25.78,0.090909091,0,0,0,0,0,0,0,0,51.56,8.88,0,0,8.88,0.020745455,42.68,3.5436,1,0,0,0,0,0,0,0,1,0,1,0,0,0,1,0,0,0,0,0,0,0,0,1,0,0,0,0,0,0,0,0,0,0,0,0,0,0,0,0,0,0,0,0,0,0.318181818
15/05/2025,19,14,12,2,14,12,2,14,2,25.78,12,0,0,0,0,2,2,2,25.78,25.78,25.78,25.78,0,0,0,0,0,0,0,0,0,0,0,0,0,0,0,0,0,0,25.78,4.08,0,0,4.08,0.009314286,21.7,1.8696,1,0,0,0,0,0,0,0,1,0,1,0,0,0,0,0,1,0,0,0,0,0,0,0,0,0,0,0,0,0,0,0,0,0,0,0,0,0,0,0,0,0,0,0,0,0.142857143
16/05/2025,19,6,4,2,6,4,2,6,2,25.78,4,0,0,0,0,2,2,2,25.78,25.78,25.78,25.78,0,0,0,0,0,0,0,0,0,0,0,0,0,0,0,0,0,0,25.78,2.48,0,0,2.48,0.021733333,23.3,1.8696,1,0,0,0,0,0,0,0,1,0,1,0,0,1,0,0,0,0,0,0,0,0,0,0,0,0,0,0,0,0,0,0,0,0,0,0,0,0,0,0,0,0,0,0,0,0.333333333
17/05/2025,19,5,3,2,5,3,2,5,2,25.78,3,0,0,0,0,2,2,2,25.78,25.78,25.78,25.78,12.89,0.2,0,0,0,0,0,0,0,0,0,0,0,0,1,0.2,12.89,0.2,12.89,2.28,0,0,2.28,0.02608,10.61,0.8696,1,0,0,0,0,0,0,0,1,0,0,1,1,0,0,0,0,0,0,0,0,0,0,1,0,0,0,0,0,0,0,0,0,0,0,0,0,0,0,0,0,0,0,0,0,0.4
18/05/2025,19,5,3,2,5,3,2,5,2,25.78,3,0,0,0,0,2,2,2,25.78,25.78,25.78,25.78,12.89,0.2,0,0,0,0,0,0,0,0,0,0,0,0,1,0.2,12.89,0.2,12.89,2.28,0,0,2.28,0.02608,10.61,0.8696,1,0,0,0,0,0,0,0,1,0,1,0,0,0,0,0,0,0,1,0,0,0,0,0,0,0,0,0,0,0,0,0,1,0,0,0,0,0,0,0,0,0,0,0,0,0.4
19/05/2025,19,5,2,3,5,2,3,5,3,38.67,2,0,0,0,0,3,3,3,38.67,38.67,38.67,38.67,12.89,0.2,0,0,0,0,0,0,0,0,0,0,0,0,1,0.2,12.89,0.2,25.78,2.92,0,0,2.92,0.03912,22.86,1.8044,1,0,0,0,0,0,0,0,1,0,1,0,0,0,0,1,0,0,0,0,0,0,0,1,0,0,0,0,0,0,0,0,0,0,0,0,0,0,0,0,0,0,0,0,0,0.6
20/05/2025,19,9,8,1,9,8,1,9,1,12.89,8,0,0,0,0,1,1,1,12.89,12.89,12.89,12.89,0,0,0,0,0,0,0,0,0,0,0,0,0,0,0,0,0,0,12.89,2.44,0,0,2.44,0.007244444,10.45,0.9348,1,0,0,0,0,0,0,0,1,0,1,0,0,0,0,0,0,1,0,0,0,0,0,1,0,0,0,0,0,0,0,0,1,0,0,0,0,0,0,0,0,0,0,0,0,0.111111111
21/05/2025,19,11,5,6,11,5,6,11,6,77.34,5,0,0,0,0,6,6,6,77.34,77.34,77.34,77.34,0,0,0,0,0,0,0,0,0,0,0,0,0,0,0,0,0,0,77.34,6.04,0,0,6.04,0.035563636,71.3,5.6088,1,0,0,0,0,0,0,0,1,0,1,0,0,0,1,0,0,0,0,0,0,0,0,1,0,0,0,0,0,0,0,0,0,0,0,0,0,0,0,0,0,0,0,0,0,0.545454545
22/05/2025,19,8,5,3,8,5,3,8,3,38.67,5,0,0,0,0,3,3,3,38.67,38.67,38.67,38.67,12.89,0.125,0,0,0,0,0,0,0,0,0,0,0,0,1,0.125,12.89,0.125,25.78,3.52,0,0,3.52,0.02445,22.26,1.8044,1,0,0,0,0,0,0,0,1,0,0,0,0,0,1,0,0,0,0,0,0,0,0,0,0,0,0,0,0,0,0,0,1,0,0,0,0,0,0,0,0,0,0,0,0,0.375
23/05/2025,19,11,7,4,11,7,4,11,4,51.56,7,0,0,0,0,4,4,4,51.56,51.56,51.56,51.56,0,0,0,0,0,0,0,0,0,0,0,0,0,0,0,0,0,0,51.56,4.76,0,0,4.76,0.023709091,46.8,3.7392,1,0,0,0,0,0,0,0,1,0,1,0,0,0,0,0,1,0,0,0,0,0,0,1,0,0,0,0,0,0,0,0,0,0,0,0,0,0,0,0,0,0,0,0,0,0.363636364
24/05/2025,19,28,23,5,28,23,5,28,5,64.45,23,0,0,0,0,5,5,5,64.45,64.45,64.45,64.45,12.89,0.037037037,1,0.037037037,12.89,0.037037037,0,0,0,0,0,0,0,0,0,0,0,0,51.56,8.8,0,0,8.8,0.012074074,42.76,3.674,1,0,0,0,0,0,0,0,1,0,1,0,0,1,0,0,0,0,0,0,0,0,0,1,0,0,0,0,0,0,0,0,0,0,0,0,0,0,0,0,0,0,0,0,0,0.185185185
25/05/2025,19,20,15,5,20,15,5,20,5,64.45,15,0,0,0,0,5,5,5,64.45,64.45,64.45,64.45,0,0,0,0,0,0,0,0,0,0,0,0,0,0,0,0,0,0,64.45,7.2,0,0,7.2,0.0163,57.25,4.674,1,0,0,0,0,0,0,0,1,0,1,0,1,0,0,0,0,0,0,0,0,0,0,0,0,0,0,0,0,0,0,0,0,0,0,0,0,0,0,0,0,0,0,0,0,0.25
26/05/2025,19,14,11,3,14,11,3,14,3,38.67,11,0,0,0,0,3,3,3,38.67,38.67,38.67,38.67,0,0,0,0,0,0,0,0,0,0,0,0,0,0,0,0,0,0,38.67,4.72,0,0,4.72,0.013971429,33.95,2.8044,1,0,0,0,0,0,0,0,1,0,1,0,0,0,0,0,0,0,1,0,0,0,0,1,0,0,0,0,0,0,0,0,0,0,0,0,0,0,0,0,0,0,0,0,0,0.214285714
27/05/2025,19,19,15,4,19,15,4,19,4,51.56,15,0,0,0,0,4,4,4,51.56,51.56,51.56,51.56,12.89,0.052631579,1,0.052631579,12.89,0.052631579,0,0,0,0,0,0,0,0,0,0,0,0,38.67,6.36,0,0,6.36,0.013726316,32.31,2.7392,1,0,0,0,0,0,0,0,1,0,1,0,0,0,0,1,0,0,0,0,0,0,0,1,0,0,0,0,0,0,0,0,0,0,0,0,0,0,0,0,0,0,0,0,0,0.210526316
28/05/2025,19,17,13,4,17,13,4,17,4,51.56,13,0,0,0,0,4,4,4,51.56,51.56,51.56,51.56,0,0,0,0,0,0,0,0,0,0,0,0,0,0,0,0,0,0,51.56,5.96,0,0,5.96,0.015341176,45.6,3.7392,1,0,0,0,0,0,0,0,1,0,0,1,0,0,0,0,0,1,0,0,0,0,0,1,0,0,0,0,0,0,0,0,1,0,0,0,0,0,0,0,0,0,0,0,0,0.235294118
29/05/2025,19,2,1,1,2,1,1,2,1,12.89,1,0,0,0,0,1,1,1,12.89,12.89,12.89,12.89,0,0,0,0,0,0,0,0,0,0,0,0,0,0,0,0,0,0,12.89,1.04,0,0,1.04,0.0326,11.85,0.9348,1,0,0,0,0,0,0,0,1,0,1,0,0,0,1,0,0,0,0,0,0,0,0,0,0,0,0,0,0,0,0,0,0,0,0,0,0,0,0,0,0,0,0,0,0,0.5
30/05/2025,19,3,2,1,3,2,1,3,1,12.89,2,0,0,0,0,1,1,1,12.89,12.89,12.89,12.89,0,0,0,0,0,0,0,0,0,0,0,0,0,0,0,0,0,0,12.89,1.24,0,0,1.24,0.021733333,11.65,0.9348,1,0,0,0,0,0,0,0,1,0,0,1,0,0,0,0,1,0,0,0,0,0,0,1,0,0,0,0,0,0,0,0,1,0,0,0,0,0,0,0,0,0,0,0,0,0.333333333
31/05/2025,19,10,8,2,10,8,2,10,2,25.78,8,0,0,0,0,2,2,2,25.78,25.78,25.78,25.78,0,0,0,0,0,0,0,0,0,0,0,0,0,0,0,0,0,0,25.78,3.28,0,0,3.28,0.01304,22.5,1.8696,1,0,0,0,0,0,0,0,1,0,1,0,0,1,0,0,0,0,0,0,0,0,0,0,0,0,0,0,0,0,0,0,0,0,0,0,0,0,0,0,0,0,0,0,0,0.2
01/06/2025,19,15,12,3,15,12,3,15,3,38.67,12,0,0,0,0,3,3,3,38.67,38.67,38.67,38.67,0,0,0,0,0,0,0,0,0,0,0,0,0,0,0,0,0,0,38.67,4.92,0,0,4.92,0.01304,33.75,2.8044,1,0,0,0,0,0,0,0,1,0,0,1,1,0,0,0,0,0,0,0,0,0,0,1,0,0,0,0,0,0,0,0,0,0,0,0,0,0,0,0,0,0,0,0,0,0.2
02/06/2025,19,7,3,4,7,3,4,7,4,51.56,3,0,0,0,0,4,4,4,51.56,51.56,51.56,51.56,12.89,0.142857143,0,0,0,0,0,0,0,0,0,0,0,0,1,0.142857143,12.89,0.142857143,38.67,3.96,0,0,3.96,0.037257143,34.71,2.7392,1,0,0,0,0,0,0,0,1,0,1,0,0,0,0,0,1,0,0,0,0,0,0,1,0,0,0,0,0,0,0,0,0,0,0,0,0,0,0,0,0,0,0,0,0,0.571428571
03/06/2025,19,6,4,2,6,4,2,6,2,25.78,4,0,0,0,0,2,2,2,25.78,25.78,25.78,25.78,0,0,0,0,0,0,0,0,0,0,0,0,0,0,0,0,0,0,25.78,2.48,0,0,2.48,0.021733333,23.3,1.8696,1,0,0,0,0,0,0,0,1,0,1,0,0,0,0,0,0,0,1,0,0,0,0,0,0,0,0,0,0,0,0,0,0,0,0,0,0,0,0,0,0,0,0,0,0,0.333333333
04/06/2025,19,6,3,3,6,3,3,6,3,38.67,3,0,0,0,0,3,3,3,38.67,38.67,38.67,38.67,0,0,0,0,0,0,0,0,0,0,0,0,0,0,0,0,0,0,38.67,3.12,0,0,3.12,0.0326,35.55,2.8044,1,0,0,0,0,0,0,0,1,0,1,0,0,0,0,1,0,0,0,0,0,0,0,1,0,0,0,0,0,0,0,0,0,0,0,0,0,0,0,0,0,0,0,0,0,0.5
05/06/2025,19,6,4,2,6,4,2,6,2,25.78,4,0,0,0,0,2,2,2,25.78,25.78,25.78,25.78,0,0,0,0,0,0,0,0,0,0,0,0,0,0,0,0,0,0,25.78,2.48,0,0,2.48,0.021733333,23.3,1.8696,1,0,0,0,0,0,0,0,1,0,0,1,0,0,0,0,0,1,0,0,0,0,0,0,0,0,0,0,0,0,0,0,0,0,0,0,0,0,0,0,0,0,0,0,0,0.333333333
06/06/2025,19,4,3,1,4,3,1,4,1,12.89,3,0,0,0,0,1,1,1,12.89,12.89,12.89,12.89,0,0,0,0,0,0,0,0,0,0,0,0,0,0,0,0,0,0,12.89,1.44,0,0,1.44,0.0163,11.45,0.9348,1,0,0,0,0,0,0,0,1,0,1,0,0,0,1,0,0,0,0,0,0,0,0,1,0,0,0,0,0,0,0,0,0,0,0,0,0,0,0,0,0,0,0,0,0,0.25
07/06/2025,19,2,0,2,2,0,2,2,2,25.78,0,0,0,0,0,2,2,2,25.78,25.78,25.78,25.78,0,0,0,0,0,0,0,0,0,0,0,0,0,0,0,0,0,0,25.78,1.68,0,0,1.68,0.0652,24.1,1.8696,1,0,0,0,0,0,0,0,0,0,1,0,0,1,0,0,0,0,0,0,0,0,0,1,0,0,0,0,0,0,0,0,1,0,0,0,0,0,0,0,0,0,0,0,0,1
08/06/2025,19,8,3,5,8,3,5,8,5,64.45,3,0,0,0,0,5,5,5,64.45,64.45,64.45,64.45,0,0,0,0,0,0,0,0,0,0,0,0,0,0,0,0,0,0,64.45,4.8,0,0,4.8,0.04075,59.65,4.674,1,0,0,0,0,0,0,0,1,0,0,1,1,0,0,0,0,0,0,0,0,0,0,1,0,0,0,0,0,0,0,0,0,0,0,0,0,0,0,0,0,0,0,0,0,0.625
09/06/2025,19,8,6,2,8,6,2,8,2,25.78,6,0,0,0,0,2,2,2,25.78,25.78,25.78,25.78,0,0,0,0,0,0,0,0,0,0,0,0,0,0,0,0,0,0,25.78,2.88,0,0,2.88,0.0163,22.9,1.8696,1,0,0,0,0,0,0,0,1,0,1,0,0,0,0,0,0,0,1,0,0,0,0,1,0,0,0,0,0,0,0,0,0,0,0,0,0,0,0,0,0,0,0,0,0,0.25
10/06/2025,19,12,7,5,12,7,5,12,5,64.45,7,0,0,0,0,5,5,5,64.45,64.45,64.45,64.45,12.89,0.083333333,0,0,0,0,1,0.083333333,12.89,0.083333333,0,0,0,0,0,0,0,0,51.56,5.6,0,0,5.6,0.027166667,45.96,3.674,1,0,0,0,0,0,0,0,1,0,0,0,0,0,0,1,0,0,0,0,0,0,0,1,0,0,0,0,0,0,0,0,0,0,0,0,0,0,0,0,0,0,0,0,0,0.416666667
11/06/2025,19,7,4,3,7,4,3,7,3,38.67,4,0,0,0,0,3,3,3,38.67,38.67,38.67,38.67,0,0,0,0,0,0,0,0,0,0,0,0,0,0,0,0,0,0,38.67,3.32,0,0,3.32,0.027942857,35.35,2.8044,1,0,0,0,0,0,0,0,1,0,0,1,0,0,0,0,0,1,0,0,0,0,0,0,0,0,0,0,0,0,0,0,0,0,0,0,0,0,0,0,0,0,0,0,0,0.428571429
12/06/2025,19,14,6,8,14,6,8,14,8,103.12,6,0,0,0,0,8,8,8,103.12,103.12,103.12,103.12,3.32,0.0184,1,0.071428571,3.32,0.0184,0,0,0,0,0,0,0,0,0,0,0,0,99.8,7.92,0,0,7.92,0.037257143,91.88,7.2209,1,0,0,0,0,0,0,0,1,0,1,0,0,0,1,0,0,0,0,0,0,0,0,1,0,0,0,0,0,0,0,0,0,0,0,0,0,0,0,0,0,0,0,0,0,0.571428571
13/06/2025,19,14,9,5,14,9,5,14,5,64.45,9,0,0,0,0,5,5,5,64.45,64.45,64.45,64.45,12.89,0.071428571,0,0,0,0,0,0,0,0,0,0,0,0,1,0.071428571,12.89,0.071428571,51.56,6,0,0,6,0.023285714,45.56,3.674,1,0,0,0,0,0,0,0,1,0,1,0,0,0,0,0,1,0,0,0,0,0,0,1,0,0,0,0,0,0,0,0,0,0,0,0,0,0,0,0,0,0,0,0,0,0.357142857
15/06/2025,19,4,0,4,4,0,4,4,4,51.56,0,0,0,0,0,4,4,4,51.56,51.56,51.56,51.56,25.78,0.5,0,0,0,0,0,0,0,0,0,0,0,0,2,0.5,25.78,0.5,25.78,3.36,0,0,3.36,0.0652,22.42,1.7392,1,0,0,0,0,0,0,0,1,0,0,0,0,1,0,0,0,0,0,0,0,0,0,0,0,0,0,0,0,0,0,0,0,0,0,0,0,0,0,0,0,0,0,0,0,1
16/06/2025,19,4,0,4,4,0,4,4,4,51.56,0,0,0,0,0,4,4,4,51.56,51.56,51.56,51.56,0,0,0,0,0,0,0,0,0,0,0,0,0,0,0,0,0,0,51.56,3.36,0,0,3.36,0.0652,48.2,3.7392,1,0,0,0,0,0,0,0,1,0,0,0,1,0,0,0,0,0,0,0,0,0,0,0,0,0,0,0,0,0,0,0,0,0,0,0,0,0,0,0,0,0,0,0,0,1
17/06/2025,19,7,1,6,7,1,6,7,6,77.34,1,0,0,0,0,6,6,6,77.34,77.34,77.34,77.34,12.89,0.142857143,0,0,0,0,0,0,0,0,0,0,0,0,1,0.142857143,12.89,0.142857143,64.45,5.24,0,0,5.24,0.055885714,59.21,4.6088,1,0,0,0,0,0,0,0,1,0,1,0,0,0,0,0,0,0,1,0,0,0,0,1,0,0,0,0,0,0,0,0,0,0,0,0,0,0,0,0,0,0,0,0,0,0.857142857
18/06/2025,19,4,2,2,4,2,2,4,2,25.78,2,0,0,0,0,2,2,2,25.78,25.78,25.78,25.78,0,0,0,0,0,0,0,0,0,0,0,0,0,0,0,0,0,0,25.78,2.08,0,0,2.08,0.0326,23.7,1.8696,1,0,0,0,0,0,0,0,1,0,1,0,0,0,0,1,0,0,0,0,0,0,0,1,0,0,0,0,0,0,0,0,0,0,0,0,0,0,0,0,0,0,0,0,0,0.5
19/06/2025,19,7,2,5,7,2,5,7,5,64.45,2,0,0,0,0,5,5,5,64.45,64.45,64.45,64.45,0,0,0,0,0,0,0,0,0,0,0,0,0,0,0,0,0,0,64.45,4.6,0,0,4.6,0.046571429,59.85,4.674,1,0,0,0,0,0,0,0,0,1,1,0,0,0,0,0,0,1,0,0,0,0,0,1,0,0,0,0,0,0,0,0,1,0,0,0,0,0,0,0,0,0,0,0,0,0.714285714
20/06/2025,19,15,7,8,15,7,8,15,8,103.12,7,0,0,0,0,8,8,8,103.12,103.12,103.12,103.12,0,0,0,0,0,0,0,0,0,0,0,0,0,0,0,0,0,0,103.12,8.12,0,0,8.12,0.034773333,95,7.4784,1,0,0,0,0,0,0,0,1,0,1,0,0,0,1,0,0,0,0,0,0,0,0,0,0,0,0,0,0,0,0,0,0,0,0,0,0,0,0,0,0,0,0,0,0,0.533333333
21/06/2025,19,6,3,3,6,3,3,6,3,38.67,3,0,0,0,0,3,3,3,38.67,38.67,38.67,38.67,0,0,0,0,0,0,0,0,0,0,0,0,0,0,0,0,0,0,38.67,3.12,0,0,3.12,0.0326,35.55,2.8044,1,0,0,0,0,0,0,0,1,0,1,0,0,0,0,0,1,0,0,0,0,0,0,1,0,0,0,0,0,0,0,0,1,0,0,0,0,0,0,0,0,0,0,0,0,0.5
22/06/2025,19,16,4,12,16,4,12,16,12,154.68,4,0,0,0,0,12,12,12,154.68,154.68,154.68,154.68,25.78,0.125,0,0,0,0,0,0,0,0,0,0,0,0,2,0.125,25.78,0.125,128.9,10.88,0,0,10.88,0.0489,118.02,9.2176,1,0,0,0,0,0,0,0,1,0,1,0,0,1,0,0,0,0,0,0,0,0,0,1,0,0,0,0,0,0,0,0,0,0,0,0,0,0,0,0,0,0,0,0,0,0.75
23/06/2025,19,11,5,6,11,5,6,11,6,77.34,5,0,0,0,0,6,6,6,77.34,77.34,77.34,77.34,0,0,0,0,0,0,0,0,0,0,0,0,0,0,0,0,0,0,77.34,6.04,0,0,6.04,0.035563636,71.3,5.6088,1,0,0,0,0,0,0,0,1,0,1,0,1,0,0,0,0,0,0,0,0,0,0,0,0,0,0,0,0,0,0,0,0,0,0,0,0,0,0,0,0,0,0,0,0,0.545454545
24/06/2025,19,6,3,3,6,3,3,6,3,38.67,3,0,0,0,0,3,3,3,38.67,38.67,38.67,38.67,0,0,0,0,0,0,0,0,0,0,0,0,0,0,0,0,0,0,38.67,3.12,0,0,3.12,0.0326,35.55,2.8044,1,0,0,0,0,0,0,0,1,0,1,0,0,0,0,0,0,0,1,0,0,0,0,1,0,0,0,0,0,0,0,0,1,0,0,0,0,0,0,0,0,0,0,0,0,0.5
26/06/2025,19,11,3,8,11,3,8,11,8,103.12,3,0,0,0,0,8,8,8,103.12,103.12,103.12,103.12,0,0,0,0,0,0,0,0,0,0,0,0,0,0,0,0,0,0,103.12,7.32,0,0,7.32,0.047418182,95.8,7.4784,1,0,0,0,0,0,0,0,1,0,1,0,0,0,0,1,0,0,0,0,0,0,0,1,0,0,0,0,0,0,0,0,0,0,0,0,0,0,0,0,0,0,0,0,0,0.727272727
27/06/2025,19,16,6,10,16,6,10,16,10,128.9,6,0,0,0,0,10,10,10,128.9,128.9,128.9,128.9,12.89,0.0625,0,0,0,0,0,0,0,0,0,0,0,0,1,0.0625,12.89,0.0625,116.01,9.6,0,0,9.6,0.04075,106.41,8.348,1,0,0,0,0,0,0,0,1,0,1,0,0,0,0,0,0,1,0,0,0,0,0,1,0,0,0,0,0,0,0,0,0,0,0,0,0,0,0,0,0,0,0,0,0,0.625
28/06/2025,19,12,5,7,12,5,7,12,7,90.23,5,0,0,0,0,7,7,7,90.23,90.23,90.23,90.23,0,0,0,0,0,0,0,0,0,0,0,0,0,0,0,0,0,0,90.23,6.88,0,0,6.88,0.038033333,83.35,6.5436,1,0,0,0,0,0,0,0,1,0,1,0,0,0,1,0,0,0,0,0,0,0,0,1,0,0,0,0,0,0,0,0,0,0,0,0,0,0,0,0,0,0,0,0,0,0.583333333
29/06/2025,19,31,20,11,31,20,11,31,11,141.79,20,0,0,0,0,11,11,11,141.79,141.79,141.79,141.79,12.89,0.034482759,0,0,0,0,0,0,0,0,0,0,0,0,1,0.034482759,12.89,0.034482759,128.9,13.24,0,0,13.24,0.025265517,115.66,9.2673,1,0,0,0,0,0,0,0,1,0,1,0,0,0,0,0,1,0,0,0,0,0,0,1,0,0,0,0,0,0,0,0,0,0,0,0,0,0,0,0,0,0,0,0,0,0.362068966
30/06/2025,19,15,12,3,15,12,3,15,3,38.67,12,0,0,0,0,3,3,3,38.67,38.67,38.67,38.67,0,0,0,0,0,0,0,0,0,0,0,0,0,0,0,0,0,0,38.67,4.92,0,0,4.92,0.01304,33.75,2.8044,1,0,0,0,0,0,0,0,1,0,1,0,0,1,0,0,0,0,0,0,0,0,0,0,0,0,0,0,0,0,0,0,0,0,0,0,0,0,0,0,0,0,0,0,0,0.2
02/07/2025,19,11,6,5,11,6,5,11,5,64.45,6,0,0,0,0,5,5,5,64.45,64.45,64.45,64.45,38.67,0.272727273,0,0,0,0,1,0.090909091,12.89,0.090909091,0,0,0,0,2,0.181818182,25.78,0.181818182,25.78,5.4,0,0,5.4,0.029636364,20.38,1.674,1,0,0,0,0,0,0,0,1,0,1,0,0,0,0,0,0,0,1,0,0,0,0,1,0,0,0,0,0,0,0,0,0,0,0,0,0,0,0,0,0,0,0,0,0,0.454545455
03/07/2025,19,14,11,3,14,11,3,14,3,38.67,11,0,0,0,0,3,3,3,38.67,38.67,38.67,38.67,0,0,0,0,0,0,0,0,0,0,0,0,0,0,0,0,0,0,38.67,4.72,0,0,4.72,0.013971429,33.95,2.8044,1,0,0,0,0,0,0,0,1,0,1,0,0,0,0,1,0,0,0,0,0,0,0,1,0,0,0,0,0,0,0,0,0,0,0,0,0,0,0,0,0,0,0,0,0,0.214285714
04/07/2025,19,19,12,7,19,12,7,19,7,90.23,12,0,0,0,0,7,7,7,90.23,90.23,90.23,90.23,25.78,0.105263158,0,0,0,0,0,0,0,0,0,0,0,0,2,0.105263158,25.78,0.105263158,64.45,8.28,0,0,8.28,0.024021053,56.17,4.5436,1,0,0,0,0,0,0,0,1,0,1,0,0,0,0,0,0,1,0,0,0,0,0,1,0,0,0,0,0,0,0,0,0,0,0,0,0,0,0,0,0,0,0,0,0,0.368421053
05/07/2025,19,25,18,7,25,18,7,25,7,90.23,18,0,0,0,0,7,7,7,90.23,90.23,90.23,90.23,12.89,0.04,0,0,0,0,0,0,0,0,0,0,0,0,1,0.04,12.89,0.04,77.34,9.48,0,0,9.48,0.018256,67.86,5.5436,1,0,0,0,0,0,0,0,1,0,1,0,0,0,1,0,0,0,0,0,0,0,0,0,0,0,0,0,0,0,0,0,0,0,0,0,0,0,0,0,0,0,0,0,0,0.28
06/07/2025,19,6,3,3,6,3,3,6,3,38.67,3,0,0,0,0,3,3,3,38.67,38.67,38.67,38.67,0,0,0,0,0,0,0,0,0,0,0,0,0,0,0,0,0,0,38.67,3.12,0,0,3.12,0.0326,35.55,2.8044,1,0,0,0,0,0,0,0,1,0,1,0,0,0,1,0,0,0,0,0,0,0,0,0,0,0,0,0,0,0,0,0,0,0,0,0,0,0,0,0,0,0,0,0,0,0.5
07/07/2025,19,15,9,6,15,9,6,15,6,77.34,9,0,0,0,0,6,6,6,77.34,77.34,77.34,77.34,0,0,0,0,0,0,0,0,0,0,0,0,0,0,0,0,0,0,77.34,6.84,0,0,6.84,0.02608,70.5,5.6088,1,0,0,0,0,0,0,0,1,0,1,0,0,0,0,0,1,0,0,0,0,0,0,1,0,0,0,0,0,0,0,0,0,0,0,0,0,0,0,0,0,0,0,0,0,0.4
08/07/2025,19,20,14,6,20,14,6,20,6,77.34,14,0,0,0,0,6,6,6,77.34,77.34,77.34,77.34,25.78,0.1,0,0,0,0,0,0,0,0,0,0,0,0,2,0.1,25.78,0.1,51.56,7.84,0,0,7.84,0.01956,43.72,3.6088,1,0,0,0,0,0,0,0,1,0,1,0,0,1,0,0,0,0,0,0,0,0,0,0,0,0,0,0,0,0,0,0,0,0,0,0,0,0,0,0,0,0,0,0,0,0.3
09/07/2025,19,18,10,8,18,10,8,18,8,103.12,10,0,0,0,0,8,8,8,103.12,103.12,103.12,103.12,25.78,0.111111111,0,0,0,0,0,0,0,0,0,0,0,0,2,0.111111111,25.78,0.111111111,77.34,8.72,0,0,8.72,0.028977778,68.62,5.4784,1,0,0,0,0,0,0,0,1,0,1,0,1,0,0,0,0,0,0,0,0,0,0,1,0,0,0,0,0,0,0,0,0,0,0,0,0,0,0,0,0,0,0,0,0,0.444444444
10/07/2025,19,13,9,4,13,9,4,13,4,51.56,9,0,0,0,0,4,4,4,51.56,51.56,51.56,51.56,0,0,0,0,0,0,0,0,0,0,0,0,0,0,0,0,0,0,51.56,5.16,0,0,5.16,0.020061538,46.4,3.7392,1,0,0,0,0,0,0,0,1,0,1,0,0,0,0,0,0,0,1,0,0,0,0,1,0,0,0,0,0,0,0,0,1,0,0,0,0,0,0,0,0,0,0,0,0,0.307692308
11/07/2025,19,15,6,9,15,6,9,15,9,116.01,6,0,0,0,0,9,9,9,116.01,116.01,116.01,116.01,12.89,0.066666667,0,0,0,0,0,0,0,0,0,0,0,0,1,0.066666667,12.89,0.066666667,103.12,8.76,0,0,8.76,0.03912,94.36,7.4132,1,0,0,0,0,0,0,0,1,0,0,1,0,0,0,1,0,0,0,0,0,0,0,1,0,0,0,0,0,0,0,0,0,0,0,0,0,0,0,0,0,0,0,0,0,0.6
12/07/2025,19,18,12,6,18,12,6,18,6,77.34,12,0,0,0,0,6,6,6,77.34,77.34,77.34,77.34,12.89,0.055555556,0,0,0,0,0,0,0,0,0,0,0,0,1,0.055555556,12.89,0.055555556,64.45,7.44,0,0,7.44,0.021733333,57.01,4.6088,1,0,0,0,0,0,0,0,1,0,1,0,0,0,0,0,0,1,0,0,0,0,0,1,0,0,0,0,0,0,0,0,0,0,0,0,0,0,0,0,0,0,0,0,0,0.333333333
13/07/2025,19,10,4,6,10,4,6,10,6,77.34,4,0,0,0,0,6,6,6,77.34,77.34,77.34,77.34,25.78,0.2,0,0,0,0,0,0,0,0,0,0,0,0,2,0.2,25.78,0.2,51.56,5.84,0,0,5.84,0.03912,45.72,3.6088,1,0,0,0,0,0,0,0,1,0,1,0,0,0,1,0,0,0,0,0,0,0,0,0,0,0,0,0,0,0,0,0,0,0,0,0,0,0,0,0,0,0,0,0,0,0.6
14/07/2025,19,18,11,7,18,11,7,18,7,90.23,11,0,0,0,0,7,7,7,90.23,90.23,90.23,90.23,12.89,0.055555556,0,0,0,0,0,0,0,0,0,0,0,0,1,0.055555556,12.89,0.055555556,77.34,8.08,0,0,8.08,0.025355556,69.26,5.5436,1,0,0,0,0,0,0,0,1,0,1,0,0,0,0,0,1,0,0,0,0,0,0,1,0,0,0,0,0,0,0,0,1,0,0,0,0,0,0,0,0,0,0,0,0,0.388888889
15/07/2025,19,13,7,6,13,7,6,13,6,77.34,7,0,0,0,0,6,6,6,77.34,77.34,77.34,77.34,12.89,0.076923077,0,0,0,0,0,0,0,0,0,0,0,0,1,0.076923077,12.89,0.076923077,64.45,6.44,0,0,6.44,0.030092308,58.01,4.6088,1,0,0,0,0,0,0,0,1,0,0,1,0,1,0,0,0,0,0,0,0,0,0,0,0,0,0,0,0,0,0,0,0,0,0,0,0,0,0,0,0,0,0,0,0,0.461538462
16/07/2025,19,16,9,7,16,9,7,16,7,90.23,9,0,0,0,0,7,7,7,90.23,90.23,90.23,90.23,12.89,0.0625,0,0,0,0,0,0,0,0,0,0,0,0,1,0.0625,12.89,0.0625,77.34,7.68,0,0,7.68,0.028525,69.66,5.5436,1,0,0,0,0,0,0,0,1,0,1,0,1,0,0,0,0,0,0,0,0,0,0,1,0,0,0,0,0,0,0,0,0,0,0,0,0,0,0,0,0,0,0,0,0,0.4375
17/07/2025,19,6,4,2,6,4,2,6,2,25.78,4,0,0,0,0,2,2,2,25.78,25.78,25.78,25.78,0,0,0,0,0,0,0,0,0,0,0,0,0,0,0,0,0,0,25.78,2.48,0,0,2.48,0.021733333,23.3,1.8696,1,0,0,0,0,0,0,0,1,0,0,0,0,0,0,0,1,0,0,0,0,0,0,0,0,0,0,0,0,0,0,0,0,0,0,0,0,0,0,0,0,0,0,0,0,0.333333333
18/07/2025,19,12,8,4,12,8,4,12,4,51.56,8,0,0,0,0,4,4,4,51.56,51.56,51.56,51.56,12.89,0.083333333,0,0,0,0,0,0,0,0,0,0,0,0,1,0.083333333,12.89,0.083333333,38.67,4.96,0,0,4.96,0.021733333,33.71,2.7392,1,0,0,0,0,0,0,0,1,0,0,1,0,0,0,0,0,0,1,0,0,0,0,1,0,0,0,0,0,0,0,0,0,0,0,0,0,0,0,0,0,0,0,0,0,0.333333333
19/07/2025,19,6,3,3,6,3,3,6,3,38.67,3,0,0,0,0,3,3,3,38.67,38.67,38.67,38.67,25.78,0.333333333,1,0.166666667,12.89,0.166666667,0,0,0,0,0,0,0,0,1,0.166666667,12.89,0.166666667,12.89,3.12,0,0,3.12,0.0326,9.77,0.8044,1,0,0,0,0,0,0,0,1,0,1,0,0,0,0,1,0,0,0,0,0,0,0,1,0,0,0,0,0,0,0,0,1,0,0,0,0,0,0,0,0,0,0,0,0,0.5
20/07/2025,19,4,1,3,4,1,3,4,3,38.67,1,0,0,0,0,3,3,3,38.67,38.67,38.67,38.67,12.89,0.25,0,0,0,0,0,0,0,0,0,0,0,0,1,0.25,12.89,0.25,25.78,2.72,0,0,2.72,0.0489,23.06,1.8044,1,0,0,0,0,0,0,0,1,0,1,0,0,0,0,0,0,1,0,0,0,0,0,0,0,0,0,0,0,0,0,0,1,0,0,0,0,0,0,0,0,0,0,0,0,0.75
21/07/2025,19,6,3,3,6,3,3,6,3,38.67,3,0,0,0,0,3,3,3,38.67,38.67,38.67,38.67,0,0,0,0,0,0,0,0,0,0,0,0,0,0,0,0,0,0,38.67,3.12,0,0,3.12,0.0326,35.55,2.8044,1,0,0,0,0,0,0,0,1,0,1,0,0,0,1,0,0,0,0,0,0,0,0,1,0,0,0,0,0,0,0,0,0,0,0,0,0,0,0,0,0,0,0,0,0,0.5
22/07/2025,19,6,2,4,6,2,4,6,4,51.56,2,0,0,0,0,4,4,4,51.56,51.56,51.56,51.56,12.89,0.166666667,0,0,0,0,0,0,0,0,0,0,0,0,1,0.166666667,12.89,0.166666667,38.67,3.76,0,0,3.76,0.043466667,34.91,2.7392,1,0,0,0,0,0,0,0,1,0,0,0,0,0,0,0,1,0,0,0,0,0,0,1,0,0,0,0,0,0,0,0,0,0,0,0,0,0,0,0,0,0,0,0,0,0.666666667
23/07/2025,19,7,4,3,7,4,3,7,3,38.67,4,0,0,0,0,3,3,3,38.67,38.67,38.67,38.67,0,0,0,0,0,0,0,0,0,0,0,0,0,0,0,0,0,0,38.67,3.32,0,0,3.32,0.027942857,35.35,2.8044,1,0,0,0,0,0,0,0,1,0,1,0,0,1,0,0,0,0,0,0,0,0,0,1,0,0,0,0,0,0,0,0,0,0,0,0,0,0,0,0,0,0,0,0,0,0.428571429
24/07/2025,19,10,6,4,10,6,4,10,4,51.56,6,0,0,0,0,4,4,4,51.56,51.56,51.56,51.56,0,0,0,0,0,0,0,0,0,0,0,0,0,0,0,0,0,0,51.56,4.56,0,0,4.56,0.02608,47,3.7392,1,0,0,0,0,0,0,0,1,0,0,0,1,0,0,0,0,0,0,0,0,0,0,1,0,0,0,0,0,0,0,0,1,0,0,0,0,0,0,0,0,0,0,0,0,0.4
25/07/2025,19,8,4,4,8,4,4,8,4,51.56,4,0,0,0,0,4,4,4,51.56,51.56,51.56,51.56,0,0,0,0,0,0,0,0,0,0,0,0,0,0,0,0,0,0,51.56,4.16,0,0,4.16,0.0326,47.4,3.7392,1,0,0,0,0,0,0,0,1,0,0,1,0,0,0,0,0,0,1,0,0,0,0,1,0,0,0,0,0,0,0,0,0,0,0,0,0,0,0,0,0,0,0,0,0,0.5
26/07/2025,19,18,12,6,18,12,6,18,6,77.34,12,0,0,0,0,6,6,6,77.34,77.34,77.34,77.34,12.89,0.055555556,0,0,0,0,0,0,0,0,0,0,0,0,1,0.055555556,12.89,0.055555556,64.45,7.44,0,0,7.44,0.021733333,57.01,4.6088,1,0,0,0,0,0,0,0,1,0,0,0,0,0,0,1,0,0,0,0,0,0,0,0,0,0,0,0,0,0,0,0,0,0,0,0,0,0,0,0,0,0,0,0,0,0.333333333
27/07/2025,19,12,8,4,12,8,4,12,4,51.56,8,0,0,0,0,4,4,4,51.56,51.56,51.56,51.56,0,0,0,0,0,0,0,0,0,0,0,0,0,0,0,0,0,0,51.56,4.96,0,0,4.96,0.021733333,46.6,3.7392,1,0,0,0,0,0,0,0,1,0,1,0,0,0,0,0,0,1,0,0,0,0,0,1,0,0,0,0,0,0,0,0,0,0,0,0,0,0,0,0,0,0,0,0,0,0.333333333
29/07/2025,19,7,4,3,7,4,3,7,3,38.67,4,0,0,0,0,3,3,3,38.67,38.67,38.67,38.67,0,0,0,0,0,0,0,0,0,0,0,0,0,0,0,0,0,0,38.67,3.32,0,0,3.32,0.027942857,35.35,2.8044,1,0,0,0,0,0,0,0,1,0,1,0,0,0,0,0,1,0,0,0,0,0,0,0,0,0,0,0,0,0,0,0,0,0,0,0,0,0,0,0,0,0,0,0,0,0.428571429
30/07/2025,19,15,8,7,15,8,7,15,7,90.23,8,0,0,0,0,7,7,7,90.23,90.23,90.23,90.23,0,0,0,0,0,0,0,0,0,0,0,0,0,0,0,0,0,0,90.23,7.48,0,0,7.48,0.030426667,82.75,6.5436,1,0,0,0,0,0,0,0,1,0,0,1,0,1,0,0,0,0,0,0,0,0,0,1,0,0,0,0,0,0,0,0,0,0,0,0,0,0,0,0,0,0,0,0,0,0.466666667
31/07/2025,19,6,3,3,6,3,3,6,3,38.67,3,0,0,0,0,3,3,3,38.67,38.67,38.67,38.67,12.89,0.166666667,0,0,0,0,0,0,0,0,0,0,0,0,1,0.166666667,12.89,0.166666667,25.78,3.12,0,0,3.12,0.0326,22.66,1.8044,1,0,0,0,0,0,0,0,1,0,0,1,1,0,0,0,0,0,0,0,0,0,0,1,0,0,0,0,0,0,0,0,0,0,0,0,0,0,0,0,0,0,0,0,0,0.5
01/08/2025,19,12,7,5,12,7,5,12,5,64.45,7,0,0,0,0,5,5,5,64.45,64.45,64.45,64.45,12.89,0.083333333,0,0,0,0,0,0,0,0,0,0,0,0,1,0.083333333,12.89,0.083333333,51.56,5.6,0,0,5.6,0.027166667,45.96,3.674,1,0,0,0,0,0,0,0,1,0,1,0,0,0,0,0,0,0,1,0,0,0,0,1,0,0,0,0,0,0,0,0,0,0,0,0,0,0,0,0,0,0,0,0,0,0.416666667
02/08/2025,19,4,0,4,4,0,4,4,4,51.56,0,0,0,0,0,4,4,4,51.56,51.56,51.56,51.56,12.89,0.25,0,0,0,0,0,0,0,0,0,0,0,0,1,0.25,12.89,0.25,38.67,3.36,0,0,3.36,0.0652,35.31,2.7392,1,0,0,0,0,0,0,0,1,0,0,0,0,0,0,1,0,0,0,0,0,0,0,1,0,0,0,0,0,0,0,0,0,0,0,0,0,0,0,0,0,0,0,0,0,1
03/08/2025,19,6,4,2,6,4,2,6,2,25.78,4,0,0,0,0,2,2,2,25.78,25.78,25.78,25.78,0,0,0,0,0,0,0,0,0,0,0,0,0,0,0,0,0,0,25.78,2.48,0,0,2.48,0.021733333,23.3,1.8696,1,0,0,0,0,0,0,0,1,0,1,0,0,0,0,0,0,1,0,0,0,0,0,1,0,0,0,0,0,0,0,0,0,0,0,0,0,0,0,0,0,0,0,0,0,0.333333333
04/08/2025,19,9,2,7,9,2,7,9,7,90.23,2,0,0,0,0,7,7,7,90.23,90.23,90.23,90.23,12.89,0.111111111,0,0,0,0,1,0.111111111,12.89,0.111111111,0,0,0,0,0,0,0,0,77.34,6.28,0,0,6.28,0.050711111,71.06,5.5436,1,0,0,0,0,0,0,0,1,0,0,1,0,0,1,0,0,0,0,0,0,0,0,1,0,0,0,0,0,0,0,0,0,0,0,0,0,0,0,0,0,0,0,0,0,0.777777778
05/08/2025,19,5,3,2,5,3,2,5,2,25.78,3,0,0,0,0,2,2,2,25.78,25.78,25.78,25.78,0,0,0,0,0,0,0,0,0,0,0,0,0,0,0,0,0,0,25.78,2.28,0,0,2.28,0.02608,23.5,1.8696,1,0,0,0,0,0,0,0,1,0,1,0,0,0,0,0,1,0,0,0,0,0,0,1,0,0,0,0,0,0,0,0,0,0,0,0,0,0,0,0,0,0,0,0,0,0.4
06/08/2025,19,20,11,9,20,11,9,20,9,116.01,11,0,0,0,0,9,9,9,116.01,116.01,116.01,116.01,0,0,0,0,0,0,0,0,0,0,0,0,0,0,0,0,0,0,116.01,9.76,0,0,9.76,0.02934,106.25,8.4132,1,0,0,0,0,0,0,0,1,0,1,0,0,1,0,0,0,0,0,0,0,0,0,1,0,0,0,0,0,0,0,0,0,0,0,0,0,0,0,0,0,0,0,0,0,0.45
07/08/2025,19,6,2,4,6,2,4,6,4,51.56,2,0,0,0,0,4,4,4,51.56,51.56,51.56,51.56,12.89,0.166666667,0,0,0,0,0,0,0,0,0,0,0,0,1,0.166666667,12.89,0.166666667,38.67,3.76,0,0,3.76,0.043466667,34.91,2.7392,1,0,0,0,0,0,0,0,1,0,1,0,1,0,0,0,0,0,0,0,0,0,0,1,0,0,0,0,0,0,0,0,0,0,0,0,0,0,0,0,0,0,0,0,0,0.666666667
08/08/2025,19,4,3,1,4,3,1,4,1,12.89,3,0,0,0,0,1,1,1,12.89,12.89,12.89,12.89,0,0,0,0,0,0,0,0,0,0,0,0,0,0,0,0,0,0,12.89,1.44,0,0,1.44,0.0163,11.45,0.9348,1,0,0,0,0,0,0,0,1,0,1,0,1,0,0,0,0,0,0,0,0,0,0,1,0,0,0,0,0,0,0,0,0,0,0,0,0,0,0,0,0,0,0,0,0,0.25
09/08/2025,19,15,12,3,15,12,3,15,3,38.67,12,0,0,0,0,3,3,3,38.67,38.67,38.67,38.67,0,0,0,0,0,0,0,0,0,0,0,0,0,0,0,0,0,0,38.67,4.92,0,0,4.92,0.013971429,33.75,2.8044,1,0,0,0,0,0,0,0,1,0,1,0,0,0,0,0,0,0,1,0,0,0,0,0,0,0,0,0,0,0,0,0,0,0,0,0,0,0,0,0,0,0,0,0,0,0.214285714
10/08/2025,19,4,1,3,4,1,3,4,3,38.67,1,0,0,0,0,3,3,3,38.67,38.67,38.67,38.67,12.89,0.25,0,0,0,0,0,0,0,0,0,0,0,0,1,0.25,12.89,0.25,25.78,2.72,0,0,2.72,0.0489,23.06,1.8044,1,0,0,0,0,0,0,0,1,0,0,0,0,0,0,1,0,0,0,0,0,0,0,1,0,0,0,0,0,0,0,0,0,0,0,0,0,0,0,0,0,0,0,0,0,0.75
11/08/2025,19,17,9,8,17,9,8,17,8,103.12,9,0,0,0,0,8,8,8,103.12,103.12,103.12,103.12,12.89,0.058823529,0,0,0,0,0,0,0,0,0,0,0,0,1,0.058823529,12.89,0.058823529,90.23,8.52,0,0,8.52,0.030682353,81.71,6.4784,1,0,0,0,0,0,0,0,1,0,1,0,0,0,0,0,0,1,0,0,0,0,0,0,0,0,0,0,0,0,0,0,0,0,0,0,0,0,0,0,0,0,0,0,0,0.470588235
12/08/2025,19,1,0,1,1,0,1,1,1,12.89,0,0,0,0,0,1,1,1,12.89,12.89,12.89,12.89,12.89,1,0,0,0,0,0,0,0,0,0,0,0,0,1,1,12.89,1,0,0.84,0,0,0.84,0.0652,-0.84,-0.0652,1,0,0,0,0,0,0,0,1,0,0,1,0,0,1,0,0,0,0,0,0,0,0,1,0,0,0,0,0,0,0,0,0,0,0,0,0,0,1,0,0,0,0,0,0,1
13/08/2025,19,11,6,5,11,6,5,11,5,64.45,6,0,0,0,0,5,5,5,64.45,64.45,64.45,64.45,38.67,0.272727273,0,0,0,0,0,0,0,0,0,0,0,0,3,0.272727273,38.67,0.272727273,25.78,5.4,0,0,5.4,0.029636364,20.38,1.674,1,0,0,0,0,0,0,0,1,0,0,1,0,0,0,0,1,0,0,0,0,0,0,1,0,0,0,0,0,0,0,0,1,0,0,0,0,0,0,0,0,0,0,0,0,0.454545455
14/08/2025,19,10,6,4,10,6,4,10,4,51.56,6,0,0,0,0,4,4,4,51.56,51.56,51.56,51.56,0,0,0,0,0,0,0,0,0,0,0,0,0,0,0,0,0,0,51.56,4.56,0,0,4.56,0.02608,47,3.7392,1,0,0,0,0,0,0,0,1,0,1,0,0,1,0,0,0,0,0,0,0,0,0,0,0,0,0,0,0,0,0,0,0,0,0,0,0,0,0,0,0,0,0,0,0,0.4
15/08/2025,19,16,6,10,16,6,10,16,10,128.9,6,0,0,0,0,10,10,10,128.9,128.9,128.9,128.9,38.67,0.1875,0,0,0,0,0,0,0,0,0,0,0,0,3,0.1875,38.67,0.1875,90.23,9.6,0,0,9.6,0.04075,80.63,6.348,1,0,0,0,0,0,0,0,1,0,1,0,1,0,0,0,0,0,0,0,0,0,0,1,0,0,0,0,0,0,0,0,0,0,0,0,0,0,0,0,0,0,0,0,0,0.625
16/08/2025,19,12,5,7,12,5,7,12,7,90.23,5,0,0,0,0,7,7,7,90.23,90.23,90.23,90.23,0,0,0,0,0,0,0,0,0,0,0,0,0,0,0,0,0,0,90.23,6.88,0,0,6.88,0.038033333,83.35,6.5436,1,0,0,0,0,0,0,0,1,0,1,0,0,0,0,0,0,0,1,0,0,0,0,1,0,0,0,0,0,0,0,0,0,0,0,0,0,0,0,0,0,0,0,0,0,0.583333333
17/08/2025,19,17,13,4,17,13,4,17,4,51.56,13,0,0,0,0,4,4,4,51.56,51.56,51.56,51.56,0,0,0,0,0,0,0,0,0,0,0,0,0,0,0,0,0,0,51.56,5.96,0,0,5.96,0.015341176,45.6,3.7392,1,0,0,0,0,0,0,0,1,0,1,0,0,0,0,1,0,0,0,0,0,0,0,1,0,0,0,0,0,0,0,0,0,0,0,0,0,0,0,0,0,0,0,0,0,0.235294118
18/08/2025,19,3,1,2,3,1,2,3,2,25.78,1,0,0,0,0,2,2,2,25.78,25.78,25.78,25.78,0,0,0,0,0,0,0,0,0,0,0,0,0,0,0,0,0,0,25.78,1.88,0,0,1.88,0.043466667,23.9,1.8696,1,0,0,0,0,0,0,0,1,0,1,0,0,0,0,0,0,0,1,0,0,0,0,1,0,0,0,0,0,0,0,0,0,0,0,0,0,0,0,0,0,0,0,0,0,0.666666667
19/08/2025,19,9,4,5,9,4,5,9,5,64.45,4,0,0,0,0,5,5,5,64.45,64.45,64.45,64.45,12.89,0.111111111,0,0,0,0,0,0,0,0,0,0,0,0,1,0.111111111,12.89,0.111111111,51.56,5,0,0,5,0.036222222,46.56,3.674,1,0,0,0,0,0,0,0,1,0,1,0,0,0,0,0,0,1,0,0,0,0,0,1,0,0,0,0,0,0,0,0,0,0,0,0,0,0,0,0,0,0,0,0,0,0.555555556
20/08/2025,19,19,10,9,19,10,9,19,9,116.01,10,0,0,0,0,9,9,9,116.01,116.01,116.01,116.01,0,0,0,0,0,0,0,0,0,0,0,0,0,0,0,0,0,0,116.01,9.56,0,0,9.56,0.030884211,106.45,8.4132,1,0,0,0,0,0,0,0,1,0,1,0,0,0,1,0,0,0,0,0,0,0,0,1,0,0,0,0,0,0,0,0,0,0,0,0,0,0,0,0,0,0,0,0,0,0.473684211
21/08/2025,19,16,9,7,16,9,7,16,7,90.23,9,0,0,0,0,7,7,7,90.23,90.23,90.23,90.23,25.78,0.125,0,0,0,0,0,0,0,0,0,0,0,0,2,0.125,25.78,0.125,64.45,7.68,0,0,7.68,0.028525,56.77,4.5436,1,0,0,0,0,0,0,0,1,0,1,0,0,0,0,0,1,0,0,0,0,0,0,0,0,0,0,0,0,0,0,0,0,0,0,0,0,0,0,0,0,0,0,0,0,0.4375
22/08/2025,19,16,8,8,16,8,8,16,8,103.12,8,0,0,0,0,8,8,8,103.12,103.12,103.12,103.12,25.78,0.125,0,0,0,0,0,0,0,0,0,0,0,0,2,0.125,25.78,0.125,77.34,8.32,0,0,8.32,0.0326,69.02,5.4784,1,0,0,0,0,0,0,0,1,0,1,0,0,1,0,0,0,0,0,0,0,0,0,1,0,0,0,0,0,0,0,0,0,0,0,0,0,0,0,0,0,0,0,0,0,0.5
23/08/2025,19,41,28,13,41,28,13,41,13,167.57,28,0,0,0,0,13,13,13,167.57,167.57,167.57,167.57,25.78,0.048780488,0,0,0,0,0,0,0,0,0,0,0,0,2,0.048780488,25.78,0.048780488,141.79,16.52,0,0,16.52,0.020673171,125.27,10.1524,1,0,0,0,0,0,0,0,1,0,1,0,1,0,0,0,0,0,0,0,0,0,0,1,0,0,0,0,0,0,0,0,0,0,0,0,0,0,0,0,0,0,0,0,0,0.317073171
24/08/2025,19,25,16,9,25,16,9,25,9,116.01,16,0,0,0,0,9,9,9,116.01,116.01,116.01,116.01,12.89,0.04,0,0,0,0,0,0,0,0,1,0.04,12.89,0.04,0,0,0,0,103.12,45.76,35,0.108612,10.76,0.023472,57.36,4.698,1,0,0,0,0,0,0,0,1,0,1,0,0,0,0,0,0,0,1,0,0,0,0,1,0,0,0,0,0,0,0,0,0,0,0,0,0,0,0,0,0,0,0,0,0,0.36
25/08/2025,19,37,30,7,37,30,7,37,7,90.23,30,0,0,0,0,7,7,7,90.23,90.23,90.23,90.23,51.56,0.108108108,0,0,0,0,0,0,0,0,0,0,0,0,4,0.108108108,51.56,0.108108108,38.67,11.88,0,0,11.88,0.012335135,26.79,2.5436,1,0,0,0,0,0,0,0,1,0,1,0,0,0,0,1,0,0,0,0,0,0,0,1,0,0,0,0,0,0,0,0,0,0,0,0,0,0,0,0,0,0,0,0,0,0.189189189
26/08/2025,19,9,5,4,9,5,4,9,4,51.56,5,0,0,0,0,4,4,4,51.56,51.56,51.56,51.56,12.89,0.111111111,0,0,0,0,0,0,0,0,0,0,0,0,1,0.111111111,12.89,0.111111111,38.67,4.36,0,0,4.36,0.028977778,34.31,2.7392,1,0,0,0,0,0,0,0,1,0,0,1,0,0,0,0,0,1,0,0,0,0,0,0,0,0,0,0,0,0,0,0,0,0,0,0,0,0,0,0,0,0,0,0,0,0.444444444
27/08/2025,19,4,3,1,4,3,1,4,1,12.89,3,0,0,0,0,1,1,1,12.89,12.89,12.89,12.89,0,0,0,0,0,0,0,0,0,0,0,0,0,0,0,0,0,0,12.89,1.44,0,0,1.44,0.0163,11.45,0.9348,1,0,0,0,0,0,0,0,1,0,1,0,0,0,1,0,0,0,0,0,0,0,0,0,0,0,0,0,0,0,0,0,0,0,0,0,0,0,0,0,0,0,0,0,0,0.25
28/08/2025,19,8,5,3,8,5,3,8,3,38.67,5,0,0,0,0,3,3,3,38.67,38.67,38.67,38.67,0,0,0,0,0,0,0,0,0,0,0,0,0,0,0,0,0,0,38.67,3.52,0,0,3.52,0.02445,35.15,2.8044,1,0,0,0,0,0,0,0,1,0,0,0,0,0,0,0,1,0,0,0,0,0,0,1,0,0,0,0,0,0,0,0,0,0,0,0,0,0,0,0,0,0,0,0,0,0.375
29/08/2025,19,6,2,4,6,2,4,6,4,51.56,2,0,0,0,0,4,4,4,51.56,51.56,51.56,51.56,0,0,0,0,0,0,0,0,0,0,0,0,0,0,0,0,0,0,51.56,3.76,0,0,3.76,0.043466667,47.8,3.7392,1,0,0,0,0,0,0,0,1,0,0,1,0,0,0,1,0,0,0,0,0,0,0,0,0,0,0,0,0,0,0,0,0,0,0,0,0,0,0,0,0,0,0,0,0,0.666666667
30/08/2025,19,20,15,5,20,15,5,20,5,64.45,15,0,0,0,0,5,5,5,64.45,64.45,64.45,64.45,0,0,0,0,0,0,0,0,0,0,0,0,0,0,0,0,0,0,64.45,7.2,0,0,7.2,0.0163,57.25,4.674,1,0,0,0,0,0,0,0,1,0,1,0,0,1,0,0,0,0,0,0,0,0,0,1,0,0,0,0,0,0,0,0,0,0,0,0,0,0,0,0,0,0,0,0,0,0.25
31/08/2025,19,31,25,6,31,25,6,31,6,77.34,25,0,0,0,0,6,6,6,77.34,77.34,77.34,77.34,12.89,0.033333333,0,0,0,0,0,0,0,0,0,0,0,0,1,0.033333333,12.89,0.033333333,64.45,10.04,0,0,10.04,0.013556667,54.41,4.5933,1,0,0,0,0,0,0,0,1,0,1,0,1,0,0,0,0,0,0,0,0,0,0,1,0,0,0,0,0,0,0,0,0,0,0,0,0,0,0,0,0,0,0,0,0,0.183333333
01/09/2025,19,10,7,3,10,7,3,10,3,38.67,7,0,0,0,0,3,3,3,38.67,38.67,38.67,38.67,0,0,0,0,0,0,0,0,0,0,0,0,0,0,0,0,0,0,38.67,3.92,0,0,3.92,0.01956,34.75,2.8044,1,0,0,0,0,0,0,0,1,0,1,0,0,0,0,0,0,0,1,0,0,0,0,1,0,0,0,0,0,0,0,0,0,0,0,0,0,0,0,0,0,0,0,0,0,0.3
02/09/2025,19,14,11,3,14,11,3,14,3,38.67,11,0,0,0,0,3,3,3,38.67,38.67,38.67,38.67,0,0,0,0,0,0,0,0,0,0,0,0,0,0,0,0,0,0,38.67,4.72,0,0,4.72,0.013971429,33.95,2.8044,1,0,0,0,0,0,0,0,1,0,1,0,0,0,0,1,0,0,0,0,0,0,0,1,0,0,0,0,0,0,0,0,0,0,0,0,0,0,0,0,0,0,0,0,0,0.214285714
03/09/2025,19,9,9,0,9,9,0,9,0,0,9,0,0,0,0,0,0,0,0,0,0,0,0,0,0,0,0,0,0,0,0,0,0,0,0,0,0,0,0,0,0,1.8,0,0,1.8,0,-1.8,0,1,0,0,0,0,0,0,0,1,0,1,0,0,0,0,0,0,1,0,0,0,0,0,1,0,0,0,0,0,0,0,0,1,0,0,0,0,0,0,0,0,0,0,0,0,0
04/09/2025,19,13,8,5,13,8,5,13,5,64.45,8,0,0,0,0,5,5,5,64.45,64.45,64.45,64.45,0,0,0,0,0,0,0,0,0,0,0,0,0,0,0,0,0,0,64.45,5.8,0,0,5.8,0.025076923,58.65,4.674,1,0,0,0,0,0,0,0,1,0,1,0,0,0,1,0,0,0,0,0,0,0,0,1,0,0,0,0,0,0,0,0,0,0,0,0,0,0,0,0,0,0,0,0,0,0.384615385
05/09/2025,19,6,4,2,6,4,2,6,2,25.78,4,0,0,0,0,2,2,2,25.78,25.78,25.78,25.78,0,0,0,0,0,0,0,0,0,0,0,0,0,0,0,0,0,0,25.78,2.48,0,0,2.48,0.021733333,23.3,1.8696,1,0,0,0,0,0,0,0,1,0,0,0,0,0,0,0,1,0,0,0,0,0,0,1,0,0,0,0,0,0,0,0,0,0,0,0,0,0,0,0,0,0,0,0,0,0.333333333
06/09/2025,19,21,13,8,21,13,8,21,8,103.12,13,0,0,0,0,8,8,8,103.12,103.12,103.12,103.12,12.89,0.047619048,0,0,0,0,0,0,0,0,0,0,0,0,1,0.047619048,12.89,0.047619048,90.23,9.32,0,0,9.32,0.024838095,80.91,6.4784,1,0,0,0,0,0,0,0,1,0,1,0,0,1,0,0,0,0,0,0,0,0,0,1,0,0,0,0,0,0,0,0,1,0,0,0,0,0,0,0,0,0,0,0,0,0.380952381
07/09/2025,19,9,4,5,9,4,5,9,5,64.45,4,0,0,0,0,5,5,5,64.45,64.45,64.45,64.45,12.89,0.111111111,0,0,0,0,0,0,0,0,0,0,0,0,1,0.111111111,12.89,0.111111111,51.56,5,0,0,5,0.036222222,46.56,3.674,1,0,0,0,0,0,0,0,1,0,1,0,1,0,0,0,0,0,0,0,0,0,0,1,0,0,0,0,0,0,0,0,0,0,0,0,0,0,0,0,0,0,0,0,0,0.555555556
08/09/2025,19,6,5,1,6,5,1,6,1,12.89,5,0,0,0,0,1,1,1,12.89,12.89,12.89,12.89,0,0,0,0,0,0,0,0,0,0,0,0,0,0,0,0,0,0,12.89,1.84,0,0,1.84,0.010866667,11.05,0.9348,1,0,0,0,0,0,0,0,1,0,1,0,0,0,0,0,0,0,1,0,0,0,0,0,0,0,0,0,0,0,0,0,1,0,0,0,0,0,0,0,0,0,0,0,0,0.166666667
